reduction_pct,cumulative_pct
-10.0,0.0
-5.383882003252771,0.5208333333333334
-1.9488907610221817,1.0416666666666667
7.473908097145965,1.5625
8.39323877987177,2.0833333333333335
9.055690072639223,2.6041666666666665
11.133000192196807,3.125
11.462525448605653,3.6458333333333335
12.822202694786178,4.166666666666667
13.586379859168519,4.6875
14.176118981503272,5.208333333333333
15.510889334514754,5.729166666666667
17.4462853462912,6.25
17.923546708889393,6.770833333333333
18.248572205602397,7.291666666666667
18.531073446327685,7.8125
19.80664249697879,8.333333333333334
19.84912776991985,8.854166666666666
19.853401269330472,9.375
20.208214489446664,9.895833333333334
20.687273355206358,10.416666666666666
20.95952448344184,10.9375
21.846001567204187,11.458333333333334
22.121238476256742,11.979166666666666
22.49891324597901,12.5
22.653460295868044,13.020833333333334
22.862423657987783,13.541666666666666
23.223431498079382,14.0625
23.257910780988368,14.583333333333334
23.388952819332566,15.104166666666666
23.454606703722412,15.625
23.674395978595754,16.145833333333332
23.945151971355326,16.666666666666668
24.03744259978806,17.1875
24.129807887575648,17.708333333333332
24.278083792355197,18.229166666666668
24.44644464446445,18.75
25.315926407730906,19.270833333333332
25.475893969044648,19.791666666666668
25.78910776361529,20.3125
26.121709945239356,20.833333333333332
26.360329312655562,21.354166666666668
26.736309475230556,21.875
26.956408134825594,22.395833333333332
26.989178866963716,22.916666666666668
27.057487331818976,23.4375
27.194200885493537,23.958333333333332
27.463690818084842,24.479166666666668
27.57172222718741,25.0
27.975659229208926,25.520833333333332
28.127319970304377,26.041666666666668
28.218568818997692,26.5625
28.8545729523203,27.083333333333332
28.877735542680007,27.604166666666668
28.98289179239154,28.125
29.20569909807852,28.645833333333332
29.3222683264177,29.166666666666668
29.565217391304344,29.6875
29.757992231849418,30.208333333333332
30.07384939997363,30.729166666666668
30.18468059339994,31.25
30.28521490426631,31.770833333333332
30.576376324631692,32.291666666666664
30.618836398087936,32.8125
31.441651550488036,33.333333333333336
31.6812521036688,33.854166666666664
31.733520172826534,34.375
31.88696597274475,34.895833333333336
31.924395884839296,35.416666666666664
31.968870911009496,35.9375
32.044101173279884,36.458333333333336
32.44843131004963,36.979166666666664
32.630530422511825,37.5
32.68701112702435,38.020833333333336
33.03360151443445,38.541666666666664
33.11853576650241,39.0625
33.128205128205124,39.583333333333336
33.14747918957123,40.104166666666664
33.19264611202518,40.625
33.51136883869983,41.145833333333336
33.57746904258532,41.666666666666664
33.77797215540491,42.1875
33.81839780236098,42.708333333333336
33.969385615433,43.229166666666664
34.024939746410986,43.75
34.090664369548826,44.270833333333336
34.097287184284376,44.791666666666664
34.212952293155105,45.3125
34.23909593041712,45.833333333333336
34.59489993544223,46.354166666666664
34.93900531748514,46.875
35.28163784873236,47.395833333333336
35.40425531914894,47.916666666666664
35.455023671751704,48.4375
35.50017227518089,48.958333333333336
35.69420168705829,49.479166666666664
35.70703310092737,50.0
35.781605459863506,50.520833333333336
35.82913756699691,51.041666666666664
36.34389275818168,51.5625
36.414309484193005,52.083333333333336
36.71986660314436,52.604166666666664
36.93105002253267,53.125
37.00541782958463,53.645833333333336
37.068776093166335,54.166666666666664
37.07577612106376,54.6875
37.092145015105736,55.208333333333336
37.24025974025974,55.729166666666664
37.277961533749846,56.25
37.38417384173842,56.770833333333336
37.71578947368421,57.291666666666664
37.74410415110447,57.8125
37.867078825347754,58.333333333333336
38.04458349628471,58.854166666666664
38.343069569835365,59.375
38.44914541888485,59.895833333333336
38.5958904109589,60.416666666666664
38.779731127197515,60.9375
38.89681407513077,61.458333333333336
38.99296556830804,61.979166666666664
39.05899925317401,62.5
39.08678982223771,63.020833333333336
39.21351426197729,63.541666666666664
39.321774249704056,64.0625
39.42517584283289,64.58333333333333
39.43536404160476,65.10416666666667
39.71995632346329,65.625
39.88584755124586,66.14583333333333
40.03317467185923,66.66666666666667
40.23020579002442,67.1875
40.560517400677554,67.70833333333333
40.83228048010107,68.22916666666667
41.57218880148079,68.75
41.92673816122424,69.27083333333333
41.98123499890901,69.79166666666667
42.17005909389363,70.3125
42.173375821031414,70.83333333333333
42.96752828626621,71.35416666666667
43.0912540969467,71.875
43.2256867112101,72.39583333333333
43.58321203299369,72.91666666666667
43.58634173591229,73.4375
43.91499719153716,73.95833333333333
44.15694392171622,74.47916666666667
44.210032817627756,75.0
44.21692379616643,75.52083333333333
44.23981993042767,76.04166666666667
44.28017002402513,76.5625
44.357397857992865,77.08333333333333
44.51060662448828,77.60416666666667
44.652425022614985,78.125
44.848720692674384,78.64583333333333
45.18181818181818,79.16666666666667
45.2161442327392,79.6875
45.35999192163991,80.20833333333333
45.37082716658445,80.72916666666667
45.40522946728871,81.25
45.42368913857678,81.77083333333333
45.499113382705744,82.29166666666667
45.600414078674945,82.8125
45.63146158524225,83.33333333333333
46.13688650306749,83.85416666666667
46.31536712585261,84.375
46.33528265107213,84.89583333333333
46.43051771117166,85.41666666666667
46.685139573070614,85.9375
46.71712006545305,86.45833333333333
47.32106752931662,86.97916666666667
47.52542952389093,87.5
48.08639266734923,88.02083333333333
48.2055602358888,88.54166666666667
48.41148723640399,89.0625
48.477031451532895,89.58333333333333
48.55738652789824,90.10416666666667
48.75999769837159,90.625
49.912689173457515,91.14583333333333
50.12229922543824,91.66666666666667
50.524484739866104,92.1875
50.524542044898624,92.70833333333333
51.831036983321255,93.22916666666667
51.96228109564436,93.75
51.99892675073786,94.27083333333333
52.445313889382895,94.79166666666667
53.12167435260731,95.3125
53.196622436670694,95.83333333333333
53.53934602946461,96.35416666666667
53.696708041014574,96.875
54.115948009077776,97.39583333333333
54.20688356325627,97.91666666666667
54.65019494458316,98.4375
55.063205110778846,98.95833333333333
56.12734864300626,99.47916666666667
56.35041737725519,100.0
60.0,100.0
