difference_seconds,cumulative_pct
-20.0,0.0
-15.942725862999396,0.5208333333333334
-11.483903827000177,1.0416666666666667
-9.932111152999823,1.5625
-9.3652415629997,2.0833333333333335
-9.17012674399939,2.6041666666666665
-9.133382075999634,3.125
-9.06790690799926,3.6458333333333335
-8.932867727001167,4.166666666666667
-8.868196331000945,4.6875
-8.448241529000825,5.208333333333333
-7.761638205000054,5.729166666666667
-7.23147003700069,6.25
-7.20510162699884,6.770833333333333
-6.9529038460000265,7.291666666666667
-5.557344283999782,7.8125
-5.259894140998767,8.333333333333334
-5.148155174999374,8.854166666666666
-5.116078168000968,9.375
-4.892470914999876,9.895833333333334
-4.739298292000285,10.416666666666666
-4.5354055899993,10.9375
-3.9330805729996423,11.458333333333334
-3.846525597999744,11.979166666666666
-3.594064903999424,12.5
-3.307158951999554,13.020833333333334
-3.270402302999628,13.541666666666666
-3.2504079290001755,14.0625
-3.0349777950018506,14.583333333333334
-3.0153544549998514,15.104166666666666
-2.909942854000292,15.625
-2.8595191420004085,16.145833333333332
-2.854230645998996,16.666666666666668
-2.623002242999746,17.1875
-2.609195684000952,17.708333333333332
-2.422261470000649,18.229166666666668
-2.163701613000057,18.75
-1.949000744000159,19.270833333333332
-1.8796061070002,19.791666666666668
-1.5733493189995895,20.3125
-1.544513147999396,20.833333333333332
-1.5427891490003276,21.354166666666668
-1.3828555179998148,21.875
-1.3125438579995716,22.395833333333332
-1.1904209429999355,22.916666666666668
-1.1850351840007534,23.4375
-1.026182856997366,23.958333333333332
-0.9546871300001384,24.479166666666668
-0.9176617150000084,25.0
-0.8775255329994707,25.520833333333332
-0.7609175809996032,26.041666666666668
-0.6463920370001688,26.5625
-0.3454425320019254,27.083333333333332
-0.3357032700002946,27.604166666666668
-0.0633557300006941,28.125
0.068466274999082,28.645833333333332
0.0757323490001908,29.166666666666668
0.1310501040011331,29.6875
0.2900836350004283,30.208333333333332
0.3770393660004174,30.729166666666668
0.4718182000001434,31.25
0.5022671939991596,31.770833333333332
0.7932274130004089,32.291666666666664
0.8612341500002003,32.8125
1.032325238000226,33.333333333333336
1.0576360529998965,33.854166666666664
1.0589431870007502,34.375
1.0933353369991892,34.895833333333336
1.1039367000001905,35.416666666666664
1.1608372999994572,35.9375
1.313938288000827,36.458333333333336
1.556525325000166,36.979166666666664
1.6933607459998257,37.5
1.694824290999577,38.020833333333336
1.7126274850003256,38.541666666666664
1.7506184720009514,39.0625
1.7634979080003177,39.583333333333336
1.8008955489985965,40.104166666666664
1.8795592210003635,40.625
1.8931914489999144,41.145833333333336
1.8963071040002435,41.666666666666664
2.044466445000125,42.1875
2.046908021000036,42.708333333333336
2.051869019000605,43.229166666666664
2.220513373999438,43.75
2.2233489850004844,44.270833333333336
2.282870861000106,44.791666666666664
2.3376987720002944,45.3125
2.490527286998713,45.833333333333336
2.577590989998953,46.354166666666664
2.579930953000257,46.875
2.606456488000731,47.395833333333336
2.6712425940004323,47.916666666666664
2.8972393659994395,48.4375
2.903704819999348,48.958333333333336
2.9165515170006984,49.479166666666664
2.9850694369979465,50.0
3.036349952000819,50.520833333333336
3.04379728099957,51.041666666666664
3.0445675450000635,51.5625
3.0977585150021696,52.083333333333336
3.1273833640001385,52.604166666666664
3.130906089998007,53.125
3.1427398550008547,53.645833333333336
3.213211294000189,54.166666666666664
3.2800087089990484,54.6875
3.311217677000513,55.208333333333336
3.3639609360006943,55.729166666666664
3.4149170050000066,56.25
3.505148429999508,56.770833333333336
3.524905209999588,57.291666666666664
3.5317217809995327,57.8125
3.6014859529987007,58.333333333333336
3.6041676270006064,58.854166666666664
3.621839158998682,59.375
3.8023142199990616,59.895833333333336
3.882535061999988,60.416666666666664
3.901274281998212,60.9375
3.91567549899969,61.458333333333336
3.925607451000019,61.979166666666664
3.93624035800076,62.5
3.947861706000822,63.020833333333336
3.9577196120003455,63.541666666666664
4.038094831000194,64.0625
4.089681934000055,64.58333333333333
4.1006245670009775,65.10416666666667
4.1103829079993375,65.625
4.125228423000408,66.14583333333333
4.146321846999854,66.66666666666667
4.14721554900018,67.1875
4.189875210999162,67.70833333333333
4.210404885999878,68.22916666666667
4.274778400999708,68.75
4.285328397000171,69.27083333333333
4.359206067999367,69.79166666666667
4.366682596002192,70.3125
4.420405028000005,70.83333333333333
4.609919937999393,71.35416666666667
4.691874769001515,71.875
4.73891060699998,72.39583333333333
4.850203565000356,72.91666666666667
4.875890854998943,73.4375
4.876396814999225,73.95833333333333
4.927154781000809,74.47916666666667
4.984463616000539,75.0
4.986862960999588,75.52083333333333
5.055457256000864,76.04166666666667
5.095334968000543,76.5625
5.129511188999459,77.08333333333333
5.448690077999345,77.60416666666667
5.490251956000975,78.125
5.490270877001194,78.64583333333333
5.5803154550008,79.16666666666667
5.724769313001616,79.6875
5.747234012999797,80.20833333333333
5.747249395999461,80.72916666666667
5.804833536999013,81.25
5.814249868999468,81.77083333333333
5.854624442000841,82.29166666666667
5.901342714997554,82.8125
5.920199708001292,83.33333333333333
6.030446081999344,83.85416666666667
6.168986068999857,84.375
6.257343741999762,84.89583333333333
6.257474584999727,85.41666666666667
6.278978397000287,85.9375
6.329948445000127,86.45833333333333
6.351889860000028,86.97916666666667
6.552886856999976,87.5
6.690627101000018,88.02083333333333
6.758918079000523,88.54166666666667
6.99071310100021,89.0625
7.769877705000454,89.58333333333333
7.85163251799986,90.10416666666667
7.951545511999825,90.625
8.153306981000014,91.14583333333333
8.333064132999652,91.66666666666667
9.208129044000088,92.1875
9.680892035000396,92.70833333333333
10.11459187599985,93.22916666666667
10.340411109000796,93.75
10.557803238999895,94.27083333333333
10.84390623200045,94.79166666666667
11.39089785500073,95.3125
11.891071351999926,95.83333333333333
11.897484021999844,96.35416666666667
12.050304619000144,96.875
12.6991729260003,97.39583333333333
13.159071698999924,97.91666666666667
14.825073638999127,98.4375
20.4179698669991,98.95833333333333
21.66339772000083,99.47916666666667
23.408444484000256,100.0
25.0,100.0
