pair_id,receiver,native_tools,token_reduction_pct,summed_time_difference_seconds
block-0000,plain,True,25.475893969044648,-2.163701613000057
block-0001,plain,False,45.499113382705744,6.257343741999762
block-0002,reasoning,False,27.57172222718741,5.747234012999797
block-0003,reasoning,True,17.4462853462912,8.153306981000014
block-0004,plain,True,11.462525448605653,3.91567549899969
block-0005,reasoning,True,56.12734864300626,-2.909942854000292
block-0006,plain,True,25.78910776361529,4.038094831000194
block-0007,plain,False,37.71578947368421,-0.9176617150000084
block-0008,plain,True,30.576376324631692,1.6933607459998257
block-0009,plain,False,45.600414078674945,1.1039367000001905
block-0010,plain,False,36.93105002253267,4.210404885999878
block-0011,reasoning,False,24.03744259978806,10.84390623200045
block-0012,reasoning,True,35.70703310092737,3.925607451000019
block-0013,plain,False,47.32106752931662,2.282870861000106
block-0014,plain,False,45.2161442327392,1.032325238000226
block-0015,reasoning,False,39.43536404160476,-0.7609175809996032
block-0016,reasoning,False,35.40425531914894,6.278978397000287
block-0017,reasoning,False,36.34389275818168,4.285328397000171
block-0018,plain,True,23.674395978595754,3.213211294000189
block-0019,plain,True,30.18468059339994,3.1273833640001385
block-0020,plain,True,7.473908097145965,4.14721554900018
block-0021,plain,True,-1.9488907610221817,6.257474584999727
block-0022,plain,True,21.846001567204187,4.274778400999708
block-0023,plain,True,20.95952448344184,-4.892470914999876
block-0024,plain,False,43.2256867112101,4.089681934000055
block-0025,reasoning,False,37.00541782958463,1.7126274850003256
block-0026,plain,False,48.2055602358888,-0.8775255329994707
block-0027,reasoning,False,33.57746904258532,7.85163251799986
block-0028,reasoning,False,44.652425022614985,0.7932274130004089
block-0029,plain,True,22.121238476256742,6.329948445000127
block-0030,reasoning,True,33.969385615433,7.951545511999825
block-0031,plain,True,30.618836398087936,0.8612341500002003
block-0032,plain,True,23.945151971355326,-1.8796061070002
block-0033,reasoning,True,50.524484739866104,-9.932111152999823
block-0034,plain,False,37.07577612106376,-3.846525597999744
block-0035,reasoning,False,34.93900531748514,1.694824290999577
block-0036,reasoning,True,48.08639266734923,-5.557344283999782
block-0037,reasoning,True,33.14747918957123,6.552886856999976
block-0038,reasoning,True,56.35041737725519,-9.3652415629997
block-0039,reasoning,False,28.8545729523203,1.0576360529998965
block-0040,plain,False,46.43051771117166,-9.133382075999634
block-0041,reasoning,True,34.23909593041712,11.39089785500073
block-0042,plain,False,45.63146158524225,-8.932867727001167
block-0043,reasoning,False,38.04458349628471,-1.544513147999396
block-0044,reasoning,True,43.0912540969467,-0.3357032700002946
block-0045,plain,False,48.477031451532895,-7.761638205000054
block-0046,reasoning,True,22.49891324597901,3.524905209999588
block-0047,plain,True,36.71986660314436,5.747249395999461
block-0048,reasoning,False,31.6812521036688,8.333064132999652
block-0049,reasoning,False,33.128205128205124,12.050304619000144
block-0050,reasoning,True,32.044101173279884,3.882535061999988
block-0051,plain,False,44.15694392171622,6.351889860000028
block-0052,reasoning,False,33.81839780236098,-4.739298292000285
block-0053,reasoning,False,34.097287184284376,0.0757323490001908
block-0054,reasoning,True,39.321774249704056,4.927154781000809
block-0055,plain,True,24.44644464446445,-1.949000744000159
block-0056,reasoning,True,53.696708041014574,-3.594064903999424
block-0057,reasoning,True,40.03317467185923,3.5317217809995327
block-0058,reasoning,False,27.057487331818976,23.408444484000256
block-0059,reasoning,True,45.42368913857678,-3.2504079290001755
block-0060,plain,False,53.12167435260731,2.2233489850004844
block-0061,reasoning,True,43.58321203299369,6.690627101000018
block-0062,plain,False,39.42517584283289,2.051869019000605
block-0063,plain,True,31.968870911009496,4.609919937999393
block-0064,plain,False,46.13688650306749,0.3770393660004174
block-0065,reasoning,True,54.115948009077776,-5.148155174999374
block-0066,reasoning,True,41.57218880148079,-2.623002242999746
block-0067,reasoning,True,27.463690818084842,6.168986068999857
block-0068,reasoning,True,38.343069569835365,-0.0633557300006941
block-0069,plain,False,35.455023671751704,2.903704819999348
block-0070,plain,False,44.848720692674384,4.986862960999588
block-0071,plain,False,51.99892675073786,5.129511188999459
block-0072,reasoning,False,40.23020579002442,-0.9546871300001384
block-0073,plain,True,22.653460295868044,6.99071310100021
block-0074,reasoning,False,29.3222683264177,4.125228423000408
block-0075,reasoning,False,31.924395884839296,5.490270877001194
block-0076,plain,True,26.989178866963716,5.5803154550008
block-0077,reasoning,True,45.37082716658445,3.505148429999508
block-0078,reasoning,False,38.779731127197515,5.095334968000543
block-0079,reasoning,True,48.55738652789824,-6.9529038460000265
block-0080,reasoning,True,30.07384939997363,10.11459187599985
block-0081,reasoning,False,40.83228048010107,-3.270402302999628
block-0082,plain,False,35.28163784873236,2.606456488000731
block-0083,plain,False,37.74410415110447,2.8972393659994395
block-0084,plain,False,53.196622436670694,-3.0153544549998514
block-0085,reasoning,True,50.524542044898624,-2.422261470000649
block-0086,reasoning,True,33.19264611202518,-1.1850351840007534
block-0087,plain,False,44.357397857992865,5.804833536999013
block-0088,reasoning,False,32.630530422511825,4.850203565000356
block-0089,reasoning,True,38.5958904109589,1.8931914489999144
block-0090,plain,True,19.853401269330472,3.0977585150021696
block-0091,plain,True,17.923546708889393,5.448690077999345
block-0092,plain,False,53.53934602946461,2.046908021000036
block-0093,reasoning,True,39.88584755124586,0.1310501040011331
block-0094,reasoning,False,38.99296556830804,-1.5733493189995895
block-0095,plain,True,31.441651550488036,3.901274281998212
block-0096,plain,True,22.862423657987783,3.2800087089990484
block-0097,reasoning,False,35.69420168705829,-2.854230645998996
block-0098,reasoning,False,38.44914541888485,-3.0349777950018506
block-0099,plain,True,19.84912776991985,0.2900836350004283
block-0100,plain,True,29.565217391304344,0.5022671939991596
block-0101,plain,False,43.91499719153716,1.8795592210003635
block-0102,reasoning,True,31.733520172826534,3.036349952000819
block-0103,plain,True,27.194200885493537,20.4179698669991
block-0104,reasoning,False,46.31536712585261,-5.116078168000968
block-0105,plain,False,51.831036983321255,3.4149170050000066
block-0106,plain,True,19.80664249697879,3.1427398550008547
block-0107,reasoning,False,43.58634173591229,-3.9330805729996423
block-0108,reasoning,True,50.12229922543824,-7.20510162699884
block-0109,plain,False,51.96228109564436,4.876396814999225
block-0110,plain,False,37.277961533749846,3.9577196120003455
block-0111,plain,True,26.360329312655562,2.9165515170006984
block-0112,plain,False,35.781605459863506,3.04379728099957
block-0113,plain,False,44.23981993042767,4.359206067999367
block-0114,plain,True,11.133000192196807,6.758918079000523
block-0115,plain,False,44.21692379616643,2.9850694369979465
block-0116,plain,False,44.28017002402513,2.577590989998953
block-0117,reasoning,False,37.068776093166335,0.068466274999082
block-0118,reasoning,False,28.127319970304377,13.159071698999924
block-0119,plain,True,28.98289179239154,4.146321846999854
block-0120,plain,True,-5.383882003252771,11.891071351999926
block-0121,plain,True,13.586379859168519,1.556525325000166
block-0122,reasoning,False,23.388952819332566,10.340411109000796
block-0123,reasoning,True,28.218568818997692,4.691874769001515
block-0124,reasoning,True,54.65019494458316,-15.942725862999396
block-0125,reasoning,False,33.03360151443445,-1.026182856997366
block-0126,plain,True,30.28521490426631,2.6712425940004323
block-0127,reasoning,True,39.05899925317401,2.3376987720002944
block-0128,plain,False,34.024939746410986,-1.1904209429999355
block-0129,plain,False,45.40522946728871,4.420405028000005
block-0130,reasoning,False,31.88696597274475,11.897484021999844
block-0131,plain,False,37.24025974025974,0.4718182000001434
block-0132,reasoning,False,33.51136883869983,21.66339772000083
block-0133,plain,False,52.445313889382895,1.1608372999994572
block-0134,reasoning,True,39.21351426197729,3.130906089998007
block-0135,plain,True,29.20569909807852,2.490527286998713
block-0136,plain,True,26.956408134825594,3.93624035800076
block-0137,reasoning,True,40.560517400677554,1.7506184720009514
block-0138,plain,True,23.257910780988368,4.366682596002192
block-0139,reasoning,False,48.41148723640399,-3.307158951999554
block-0140,reasoning,True,33.77797215540491,-4.5354055899993
block-0141,reasoning,True,42.173375821031414,-9.06790690799926
block-0142,reasoning,False,41.98123499890901,-2.609195684000952
block-0143,reasoning,True,9.055690072639223,5.901342714997554
block-0144,plain,False,32.68701112702435,3.947861706000822
block-0145,reasoning,False,37.38417384173842,5.814249868999468
block-0146,plain,False,34.212952293155105,4.73891060699998
block-0147,plain,False,35.50017227518089,4.1006245670009775
block-0148,reasoning,True,12.822202694786178,9.208129044000088
block-0149,plain,False,42.96752828626621,1.7634979080003177
block-0150,reasoning,False,35.82913756699691,3.6041676270006064
block-0151,reasoning,False,23.454606703722412,9.680892035000396
block-0152,reasoning,True,48.75999769837159,-11.483903827000177
block-0153,reasoning,False,26.736309475230556,10.557803238999895
block-0154,reasoning,False,44.51060662448828,-8.448241529000825
block-0155,reasoning,True,41.92673816122424,-7.23147003700069
block-0156,plain,True,25.315926407730906,5.055457256000864
block-0157,reasoning,True,39.71995632346329,-2.8595191420004085
block-0158,plain,True,15.510889334514754,-1.3828555179998148
block-0159,reasoning,False,37.092145015105736,2.220513373999438
block-0160,plain,True,18.248572205602397,1.313938288000827
block-0161,plain,False,46.71712006545305,1.0933353369991892
block-0162,reasoning,False,45.18181818181818,3.8023142199990616
block-0163,reasoning,True,39.08678982223771,-1.5427891490003276
block-0164,plain,True,26.121709945239356,4.1103829079993375
block-0165,reasoning,True,54.20688356325627,-5.259894140998767
block-0166,plain,True,20.687273355206358,4.189875210999162
block-0167,plain,False,49.912689173457515,-0.6463920370001688
block-0168,reasoning,True,24.278083792355197,6.030446081999344
block-0169,reasoning,False,42.17005909389363,1.8008955489985965
block-0170,plain,True,24.129807887575648,2.579930953000257
block-0171,plain,False,45.35999192163991,3.311217677000513
block-0172,plain,True,8.39323877987177,5.724769313001616
block-0173,plain,True,28.877735542680007,5.490251956000975
block-0174,reasoning,False,23.223431498079382,12.6991729260003
block-0175,plain,False,47.52542952389093,-0.3454425320019254
block-0176,plain,True,20.208214489446664,3.3639609360006943
block-0177,plain,True,18.531073446327685,3.621839158998682
block-0178,reasoning,False,27.975659229208926,14.825073638999127
block-0179,plain,False,34.090664369548826,3.6014859529987007
block-0180,plain,True,29.757992231849418,2.044466445000125
block-0181,plain,False,37.867078825347754,4.984463616000539
block-0182,reasoning,True,44.210032817627756,-8.868196331000945
block-0183,reasoning,False,38.89681407513077,7.769877705000454
block-0184,plain,False,46.685139573070614,3.0445675450000635
block-0185,reasoning,False,36.414309484193005,5.854624442000841
block-0186,plain,True,32.44843131004963,5.920199708001292
block-0187,reasoning,False,34.59489993544223,-1.3125438579995716
block-0188,plain,False,46.33528265107213,1.8963071040002435
block-0189,plain,True,14.176118981503272,4.875890854998943
block-0190,reasoning,True,55.063205110778846,-9.17012674399939
block-0191,reasoning,True,33.11853576650241,1.0589431870007502
