arm,role,reference,communicated,count,reference_n,fraction_of_reference
ordinary,recipients,ready,ready,477,768,0.62109375
ordinary,recipients,ready,not_ready,98,768,0.1276041666666666
ordinary,recipients,ready,undetermined,189,768,0.24609375
ordinary,recipients,ready,ambiguous,4,768,0.0052083333333333
ordinary,recipients,not_ready,ready,291,512,0.568359375
ordinary,recipients,not_ready,not_ready,84,512,0.1640625
ordinary,recipients,not_ready,undetermined,131,512,0.255859375
ordinary,recipients,not_ready,ambiguous,6,512,0.01171875
ordinary,recipients,undetermined,ready,362,640,0.565625
ordinary,recipients,undetermined,not_ready,100,640,0.15625
ordinary,recipients,undetermined,undetermined,178,640,0.278125
ordinary,recipients,undetermined,ambiguous,0,640,0.0
eal,recipients,ready,ready,758,768,0.9869791666666666
eal,recipients,ready,not_ready,10,768,0.0130208333333333
eal,recipients,ready,undetermined,0,768,0.0
eal,recipients,ready,ambiguous,0,768,0.0
eal,recipients,not_ready,ready,2,512,0.00390625
eal,recipients,not_ready,not_ready,508,512,0.9921875
eal,recipients,not_ready,undetermined,0,512,0.0
eal,recipients,not_ready,ambiguous,2,512,0.00390625
eal,recipients,undetermined,ready,6,640,0.009375
eal,recipients,undetermined,not_ready,23,640,0.0359375
eal,recipients,undetermined,undetermined,600,640,0.9375
eal,recipients,undetermined,ambiguous,11,640,0.0171875
