arm,role,reference,communicated,count,reference_n,fraction_of_reference
ordinary,all,ready,ready,648,960,0.675
ordinary,all,ready,not_ready,102,960,0.10625
ordinary,all,ready,undetermined,204,960,0.2125
ordinary,all,ready,no_answer,0,960,0.0
ordinary,all,ready,ambiguous,6,960,0.00625
ordinary,all,not_ready,ready,291,512,0.568359375
ordinary,all,not_ready,not_ready,84,512,0.1640625
ordinary,all,not_ready,undetermined,131,512,0.255859375
ordinary,all,not_ready,no_answer,0,512,0.0
ordinary,all,not_ready,ambiguous,6,512,0.01171875
ordinary,all,undetermined,ready,362,640,0.565625
ordinary,all,undetermined,not_ready,100,640,0.15625
ordinary,all,undetermined,undetermined,178,640,0.278125
ordinary,all,undetermined,no_answer,0,640,0.0
ordinary,all,undetermined,ambiguous,0,640,0.0
ordinary,initial,ready,ready,171,192,0.890625
ordinary,initial,ready,not_ready,4,192,0.020833333333333332
ordinary,initial,ready,undetermined,15,192,0.078125
ordinary,initial,ready,no_answer,0,192,0.0
ordinary,initial,ready,ambiguous,2,192,0.010416666666666666
ordinary,initial,not_ready,ready,0,0,
ordinary,initial,not_ready,not_ready,0,0,
ordinary,initial,not_ready,undetermined,0,0,
ordinary,initial,not_ready,no_answer,0,0,
ordinary,initial,not_ready,ambiguous,0,0,
ordinary,initial,undetermined,ready,0,0,
ordinary,initial,undetermined,not_ready,0,0,
ordinary,initial,undetermined,undetermined,0,0,
ordinary,initial,undetermined,no_answer,0,0,
ordinary,initial,undetermined,ambiguous,0,0,
ordinary,recipients,ready,ready,477,768,0.62109375
ordinary,recipients,ready,not_ready,98,768,0.12760416666666666
ordinary,recipients,ready,undetermined,189,768,0.24609375
ordinary,recipients,ready,no_answer,0,768,0.0
ordinary,recipients,ready,ambiguous,4,768,0.005208333333333333
ordinary,recipients,not_ready,ready,291,512,0.568359375
ordinary,recipients,not_ready,not_ready,84,512,0.1640625
ordinary,recipients,not_ready,undetermined,131,512,0.255859375
ordinary,recipients,not_ready,no_answer,0,512,0.0
ordinary,recipients,not_ready,ambiguous,6,512,0.01171875
ordinary,recipients,undetermined,ready,362,640,0.565625
ordinary,recipients,undetermined,not_ready,100,640,0.15625
ordinary,recipients,undetermined,undetermined,178,640,0.278125
ordinary,recipients,undetermined,no_answer,0,640,0.0
ordinary,recipients,undetermined,ambiguous,0,640,0.0
eal,all,ready,ready,950,960,0.9895833333333334
eal,all,ready,not_ready,10,960,0.010416666666666666
eal,all,ready,undetermined,0,960,0.0
eal,all,ready,no_answer,0,960,0.0
eal,all,ready,ambiguous,0,960,0.0
eal,all,not_ready,ready,2,512,0.00390625
eal,all,not_ready,not_ready,508,512,0.9921875
eal,all,not_ready,undetermined,0,512,0.0
eal,all,not_ready,no_answer,0,512,0.0
eal,all,not_ready,ambiguous,2,512,0.00390625
eal,all,undetermined,ready,6,640,0.009375
eal,all,undetermined,not_ready,23,640,0.0359375
eal,all,undetermined,undetermined,600,640,0.9375
eal,all,undetermined,no_answer,0,640,0.0
eal,all,undetermined,ambiguous,11,640,0.0171875
eal,initial,ready,ready,192,192,1.0
eal,initial,ready,not_ready,0,192,0.0
eal,initial,ready,undetermined,0,192,0.0
eal,initial,ready,no_answer,0,192,0.0
eal,initial,ready,ambiguous,0,192,0.0
eal,initial,not_ready,ready,0,0,
eal,initial,not_ready,not_ready,0,0,
eal,initial,not_ready,undetermined,0,0,
eal,initial,not_ready,no_answer,0,0,
eal,initial,not_ready,ambiguous,0,0,
eal,initial,undetermined,ready,0,0,
eal,initial,undetermined,not_ready,0,0,
eal,initial,undetermined,undetermined,0,0,
eal,initial,undetermined,no_answer,0,0,
eal,initial,undetermined,ambiguous,0,0,
eal,recipients,ready,ready,758,768,0.9869791666666666
eal,recipients,ready,not_ready,10,768,0.013020833333333334
eal,recipients,ready,undetermined,0,768,0.0
eal,recipients,ready,no_answer,0,768,0.0
eal,recipients,ready,ambiguous,0,768,0.0
eal,recipients,not_ready,ready,2,512,0.00390625
eal,recipients,not_ready,not_ready,508,512,0.9921875
eal,recipients,not_ready,undetermined,0,512,0.0
eal,recipients,not_ready,no_answer,0,512,0.0
eal,recipients,not_ready,ambiguous,2,512,0.00390625
eal,recipients,undetermined,ready,6,640,0.009375
eal,recipients,undetermined,not_ready,23,640,0.0359375
eal,recipients,undetermined,undetermined,600,640,0.9375
eal,recipients,undetermined,no_answer,0,640,0.0
eal,recipients,undetermined,ambiguous,11,640,0.0171875
