pair_id,case,donor,receiver,native_tools,repeat,quality_lower,quality_upper,eal_lower,eal_upper,missing_pair_positions,ordinary_tokens,ordinary_cost_usd,ordinary_elapsed_with_setup_seconds,eal_tokens,eal_cost_usd,eal_elapsed_with_setup_seconds,token_reduction
block-0000,migration-cutover-obligations,plain,plain,True,2,0.6,0.6,1.0,1.0,0,22484,0.0025769000000000005,26.19325525199997,16756,0.0019567,24.029553638999914,0.2547589396904465
block-0001,migration-multiple-version-bindings,plain,plain,False,3,0.7,0.7,1.0,1.0,0,9587,0.0013034000000000001,13.997927138000023,5225,0.0008036,20.255270879999784,0.45499113382705747
block-0002,release-three-obligations,plain,reasoning,False,2,0.5,0.5,1.0,1.0,0,11189,0.0018239500000000002,27.375737780000236,8104,0.0016569500000000001,33.12297179300003,0.2757172222718741
block-0003,dispatch-direct-or-tunnel,reasoning,reasoning,True,3,0.2,0.2,0.7,0.7,0,17081,0.0024483,29.142849851999927,14101,0.0022454000000000003,37.29615683299994,0.17446285346291202
block-0004,dispatch-direct-or-tunnel,reasoning,plain,True,0,0.3,0.3,0.8,0.8,0,21121,0.00244085,23.8284443470003,18700,0.0022582500000000003,27.74411984599999,0.11462525448605654
block-0005,database-alternative-read-routes,reasoning,reasoning,True,1,0.5,0.5,1.0,1.0,0,19160,0.00238775,30.138626475000137,8406,0.00151825,27.228683620999846,0.5612734864300626
block-0006,migration-cutover-obligations,reasoning,plain,True,0,0.5,0.5,1.0,1.0,0,21575,0.002457,24.01996725799995,16011,0.00189765,28.058062089000146,0.25789107763615293
block-0007,migration-cutover-obligations,plain,plain,False,2,0.6,0.6,1.0,1.0,0,9500,0.0013307000000000002,20.272359089000247,5917,0.0008680000000000001,19.35469737400024,0.37715789473684214
block-0008,release-three-obligations,reasoning,plain,True,2,0.6,0.6,1.0,1.0,0,23214,0.00262945,23.769013214000097,16116,0.0019123000000000002,25.462373959999923,0.30576376324631693
block-0009,migration-multiple-version-bindings,plain,plain,False,2,0.7,0.7,1.0,1.0,0,9660,0.0013239,17.013724341999932,5255,0.0008156000000000001,18.117661042000123,0.45600414078674945
block-0010,release-three-obligations,plain,plain,False,1,0.7,0.7,1.0,1.0,0,8876,0.0012062000000000002,14.6656031240002,5598,0.0008223,18.876008010000078,0.36931050022532674
block-0011,migration-cutover-obligations,reasoning,reasoning,False,1,0.8,0.8,1.0,1.0,0,11324,0.0018213,27.337584208999715,8602,0.00200195,38.181490441000165,0.24037442599788061
block-0012,release-three-obligations,reasoning,reasoning,True,3,0.6,0.6,1.0,1.0,0,14773,0.00205395,26.5340591370001,9498,0.0017027000000000001,30.45966658800012,0.35707033100927366
block-0013,migration-cutover-obligations,reasoning,plain,False,3,0.6,0.6,1.0,1.0,0,9892,0.001325,16.04571282400002,5211,0.0008245500000000001,18.328583685000126,0.4732106752931662
block-0014,firmware-selective-applicability,reasoning,plain,False,0,0.6,0.6,1.0,1.0,0,9762,0.0012582000000000001,16.390579621999677,5348,0.0008044500000000001,17.422904859999903,0.45216144232739197
block-0015,firmware-selective-applicability,reasoning,reasoning,False,2,0.6,0.6,1.0,1.0,0,13460,0.0022102000000000003,33.363089632999845,8152,0.0017358500000000002,32.60217205200024,0.3943536404160476
block-0016,dispatch-direct-or-tunnel,reasoning,reasoning,False,1,0.7,0.7,1.0,1.0,0,11750,0.0016665500000000001,25.864405078999766,7590,0.0015891,32.143383476000054,0.35404255319148936
block-0017,dispatch-direct-or-tunnel,plain,reasoning,False,2,0.5,0.5,1.0,1.0,0,13353,0.00205945,30.788581606999855,8500,0.0016776500000000001,35.07391000400003,0.36343892758181684
block-0018,migration-multiple-version-bindings,plain,plain,True,0,0.6,0.6,1.0,1.0,0,24668,0.0028130000000000004,22.317003642999907,18828,0.0021282000000000002,25.530214937000096,0.23674395978595753
block-0019,release-three-obligations,reasoning,plain,True,1,0.5,0.6,0.9,0.9,1,23121,0.0026083499999999997,23.26981635499999,16142,0.0019227,26.397199719000128,0.3018468059339994
block-0020,firmware-selective-applicability,plain,plain,True,2,0.7,0.7,1.0,1.0,0,20217,0.0023973,21.418597368000178,18706,0.0021253,25.565812917000358,0.07473908097145965
block-0021,migration-multiple-version-bindings,reasoning,plain,True,3,0.5,0.5,0.9,0.9,0,17805,0.0020948,20.54644260700036,18152,0.00212715,26.803917192000085,-0.019488907610221817
block-0022,migration-multiple-version-bindings,plain,plain,True,3,0.7,0.7,1.0,1.0,0,24247,0.0027136000000000005,22.13058669999998,18950,0.002177,26.40536510099969,0.21846001567204187
block-0023,migration-cutover-obligations,plain,plain,True,1,0.5,0.5,1.0,1.0,0,21198,0.002478,28.74407815400002,16755,0.0019563000000000002,23.851607239000145,0.20959524483441838
block-0024,database-alternative-read-routes,plain,plain,False,3,0.5,0.5,1.0,1.0,0,10776,0.0014517,14.724224688999811,6118,0.0008860000000000001,18.813906622999866,0.432256867112101
block-0025,migration-multiple-version-bindings,plain,reasoning,False,0,0.5,0.6,0.9,1.0,1,12182,0.0018857000000000001,29.78070485899957,7674,0.00159295,31.493332343999896,0.3700541782958463
block-0026,database-alternative-read-routes,plain,plain,False,1,0.8,0.8,1.0,1.0,0,11870,0.0017201,19.015967194999803,6148,0.000898,18.138441662000332,0.482055602358888
block-0027,migration-multiple-version-bindings,reasoning,reasoning,False,2,0.7,0.7,1.0,1.0,0,13244,0.00203525,30.784807881000006,8797,0.0019935,38.636440398999866,0.3357746904258532
block-0028,dispatch-direct-or-tunnel,reasoning,reasoning,False,0,0.6,0.6,1.0,1.0,0,14371,0.002205,32.21583625299991,7954,0.0017347,33.009063666000316,0.44652425022614983
block-0029,migration-multiple-version-bindings,plain,plain,True,1,0.6,0.6,1.0,1.0,0,22996,0.0026284,21.28425901499986,17909,0.0020786000000000003,27.61420745999999,0.22121238476256744
block-0030,database-alternative-read-routes,plain,reasoning,True,1,0.5,0.5,1.0,1.0,0,14307,0.00211465,26.54229983500022,9447,0.0016570500000000002,34.49384534700005,0.33969385615433
block-0031,database-alternative-read-routes,reasoning,plain,True,3,0.6,0.6,1.0,1.0,0,23221,0.0026072,24.981685039000013,16111,0.0019115,25.842919189000213,0.30618836398087934
block-0032,firmware-selective-applicability,plain,plain,True,1,0.6,0.6,0.9,0.9,0,24577,0.0028225000000000004,32.81436294800005,18692,0.0021197,30.934756840999853,0.23945151971355327
block-0033,migration-cutover-obligations,plain,reasoning,True,2,0.7,0.7,1.0,1.0,0,18971,0.0031797500000000003,41.277752254000006,9386,0.0016986,31.345641101000183,0.505244847398661
block-0034,release-three-obligations,plain,plain,False,3,0.7,0.7,1.0,1.0,0,8987,0.0012362,27.524551479000138,5655,0.0008451,23.678025881000394,0.37075776121063764
block-0035,dispatch-direct-or-tunnel,plain,reasoning,False,1,0.5,0.5,1.0,1.0,0,12788,0.0019514,31.073194509000132,8320,0.0016056500000000001,32.76801879999971,0.3493900531748514
block-0036,firmware-selective-applicability,reasoning,reasoning,True,0,0.6,0.6,0.9,0.9,0,20511,0.0027731,36.82898307599976,10648,0.0018505000000000001,31.271638791999976,0.4808639266734923
block-0037,migration-multiple-version-bindings,plain,reasoning,True,0,0.7,0.7,1.0,1.0,0,12734,0.00172955,24.007502009999826,8513,0.0015505500000000001,30.5603888669998,0.3314747918957123
block-0038,dispatch-direct-or-tunnel,plain,reasoning,True,2,0.5,0.5,1.0,1.0,0,22282,0.0031856000000000002,41.15172308699994,9726,0.0017900500000000003,31.786481524000237,0.5635041737725519
block-0039,firmware-selective-applicability,plain,reasoning,False,0,0.4,0.5,0.9,1.0,1,12563,0.0020903000000000002,32.57318162599995,8938,0.0017815,33.63081767899985,0.288545729523203
block-0040,release-three-obligations,reasoning,plain,False,3,0.7,0.7,1.0,1.0,0,9175,0.00118705,36.49242146699976,4915,0.0007817000000000001,27.359039391000124,0.4643051771117166
block-0041,release-three-obligations,reasoning,reasoning,True,1,0.7,0.7,0.9,0.9,0,15751,0.0019919,25.527438648999578,10358,0.0019942000000000002,36.91833650400031,0.3423909593041712
block-0042,firmware-selective-applicability,reasoning,plain,False,1,0.6,0.6,1.0,1.0,0,9866,0.00127695,38.905655713000215,5364,0.00081085,29.972787985999048,0.4563146158524225
block-0043,firmware-selective-applicability,reasoning,reasoning,False,3,0.6,0.6,1.0,1.0,0,12785,0.00199795,31.171473610999783,7921,0.00164345,29.626960463000387,0.3804458349628471
block-0044,firmware-selective-applicability,plain,reasoning,True,2,0.8,0.8,1.0,1.0,0,17391,0.0025210500000000004,30.76212731999999,9897,0.0017871,30.426424049999696,0.43091254096946696
block-0045,migration-cutover-obligations,reasoning,plain,False,1,0.6,0.6,1.0,1.0,0,10079,0.0013786500000000001,50.03291574800005,5193,0.00081735,42.271277543,0.4847703145153289
block-0046,migration-multiple-version-bindings,reasoning,reasoning,True,0,0.7,0.7,0.9,0.9,0,16103,0.0022219500000000003,30.88801065100006,12480,0.00218395,34.41291586099965,0.22498913245979013
block-0047,database-alternative-read-routes,reasoning,plain,True,0,0.5,0.6,1.0,1.0,1,25188,0.0029209500000000003,47.09653258900039,15939,0.0018964000000000001,52.84378198499985,0.3671986660314436
block-0048,firmware-selective-applicability,reasoning,reasoning,False,0,0.6,0.6,1.0,1.0,0,11884,0.00168655,26.80809331499995,8119,0.00172265,35.1411574479996,0.316812521036688
block-0049,migration-multiple-version-bindings,reasoning,reasoning,False,1,0.7,0.7,1.0,1.0,0,12675,0.0017863,26.894488250000222,8476,0.0018651000000000002,38.944792869000366,0.33128205128205124
block-0050,database-alternative-read-routes,plain,reasoning,True,2,0.6,0.6,1.0,1.0,0,16961,0.0023996000000000004,32.93853704200001,11526,0.0019685500000000003,36.821072103999995,0.3204410117327988
block-0051,dispatch-direct-or-tunnel,plain,plain,False,2,0.5,0.5,1.0,1.0,0,10628,0.0014375,35.142239752999785,5935,0.0008317,41.494129612999814,0.4415694392171622
block-0052,migration-cutover-obligations,plain,reasoning,False,1,0.7,0.7,1.0,1.0,0,13469,0.0024227000000000003,42.439962865000325,8914,0.0018878,37.70066457300004,0.3381839780236098
block-0053,migration-cutover-obligations,plain,reasoning,False,0,0.7,0.7,1.0,1.0,0,12828,0.002244,35.68912498200007,8454,0.0017038,35.76485733100026,0.34097287184284375
block-0054,dispatch-direct-or-tunnel,reasoning,reasoning,True,0,0.5,0.5,1.0,1.0,0,14361,0.0019301000000000001,27.114710631999287,8714,0.0016607000000000002,32.041865413000096,0.39321774249704056
block-0055,migration-cutover-obligations,plain,plain,True,0,0.5,0.5,0.9,0.9,0,22220,0.0025265,36.89641358099993,16788,0.0019695,34.947412836999774,0.2444644464446445
block-0056,database-alternative-read-routes,reasoning,reasoning,True,3,0.6,0.6,1.0,1.0,0,18530,0.00255155,34.21768231299984,8580,0.00158785,30.623617409000417,0.5369670804101457
block-0057,release-three-obligations,reasoning,reasoning,True,2,0.7,0.7,1.0,1.0,0,13866,0.0018087500000000002,26.756983059000277,8315,0.00159595,30.28870483999981,0.4003317467185923
block-0058,release-three-obligations,plain,reasoning,False,1,0.4,0.5,0.9,1.0,1,11446,0.0018333,28.892119593999723,8349,0.0017549500000000001,52.30056407799998,0.27057487331818975
block-0059,database-alternative-read-routes,plain,reasoning,True,3,0.4,0.4,1.0,1.0,0,17088,0.0025099000000000002,35.874560035000286,9326,0.00160865,32.62415210600011,0.45423689138576784
block-0060,dispatch-direct-or-tunnel,reasoning,plain,False,0,0.5,0.5,1.0,1.0,0,11276,0.0014936500000000002,20.591891011999905,5286,0.00084755,22.81523999700039,0.5312167435260731
block-0061,migration-multiple-version-bindings,reasoning,reasoning,True,3,0.7,0.7,1.0,1.0,0,16488,0.0022342,30.231428142000368,9302,0.0018175,36.922055243000386,0.4358321203299369
block-0062,release-three-obligations,reasoning,plain,False,2,0.6,0.6,1.0,1.0,0,8246,0.0011967500000000001,18.83020370999907,4995,0.0008137,20.882072728999674,0.39425175842832894
block-0063,migration-cutover-obligations,plain,plain,True,3,0.5,0.5,1.0,1.0,0,22744,0.0026347000000000002,25.973031724000066,15473,0.0018299,30.58295166199946,0.31968870911009495
block-0064,migration-multiple-version-bindings,reasoning,plain,False,2,0.7,0.7,1.0,1.0,0,10432,0.00140615,20.27205891499966,5619,0.00091255,20.64909828100008,0.46136886503067487
block-0065,dispatch-direct-or-tunnel,reasoning,reasoning,True,2,0.6,0.6,1.0,1.0,0,19388,0.0027939500000000003,39.918718025999624,8896,0.0017335,34.77056285100025,0.5411594800907777
block-0066,database-alternative-read-routes,plain,reasoning,True,0,0.6,0.6,1.0,1.0,0,17288,0.00261265,39.31455882099954,10101,0.00191865,36.69155657799979,0.4157218880148079
block-0067,migration-cutover-obligations,reasoning,reasoning,True,3,0.8,0.8,1.0,1.0,0,12187,0.0017997,27.554908332999958,8840,0.0017191500000000002,33.723894401999814,0.2746369081808484
block-0068,release-three-obligations,plain,reasoning,True,3,0.5,0.5,1.0,1.0,0,15064,0.0023887,35.058961239000155,9288,0.00175255,34.99560550899946,0.38343069569835364
block-0069,firmware-selective-applicability,plain,plain,False,0,0.6,0.6,1.0,1.0,0,9505,0.0012976,15.76563445600027,6135,0.0008505000000000001,18.66933927599962,0.35455023671751706
block-0070,migration-multiple-version-bindings,reasoning,plain,False,1,0.7,0.7,1.0,1.0,0,10279,0.0013671500000000001,15.805206738999914,5669,0.0009325500000000001,20.7920696999995,0.4484872069267438
block-0071,database-alternative-read-routes,reasoning,plain,False,0,0.5,0.5,1.0,1.0,0,11181,0.0014457,16.72308644700047,5367,0.0008632000000000001,21.852597635999928,0.5199892675073786
block-0072,dispatch-direct-or-tunnel,plain,reasoning,False,3,0.6,0.6,1.0,1.0,0,14335,0.0022198499999999998,35.45934572999977,8568,0.0017048500000000002,34.50465859999963,0.4023020579002442
block-0073,migration-multiple-version-bindings,reasoning,plain,True,1,0.7,0.7,1.0,1.0,0,23524,0.0026277,21.21172932399986,18195,0.00214435,28.202442425000072,0.22653460295868044
block-0074,migration-multiple-version-bindings,reasoning,reasoning,False,0,0.7,0.7,1.0,1.0,0,13014,0.0020216500000000003,38.21073401399963,9198,0.0021539000000000003,42.335962437000035,0.293222683264177
block-0075,firmware-selective-applicability,plain,reasoning,False,1,0.5,0.5,1.0,1.0,0,12539,0.00201385,34.05562809899948,8536,0.0016207,39.54589897600067,0.31924395884839296
block-0076,migration-cutover-obligations,reasoning,plain,True,3,0.6,0.6,1.0,1.0,0,21994,0.0025433,21.258014662999358,16058,0.00191645,26.838330118000158,0.26989178866963714
block-0077,migration-multiple-version-bindings,plain,reasoning,True,1,0.6,0.6,1.0,1.0,0,18243,0.0025398,33.804798262000304,9966,0.00181375,37.30994669199981,0.4537082716658445
block-0078,firmware-selective-applicability,reasoning,reasoning,False,1,0.6,0.6,1.0,1.0,0,12571,0.0019162,30.47862283099994,7696,0.00155345,35.57395779900048,0.38779731127197514
block-0079,migration-multiple-version-bindings,reasoning,reasoning,True,2,0.6,0.6,1.0,1.0,0,17295,0.0026837000000000002,39.33823918499979,8897,0.0016555,32.38533533899977,0.4855738652789824
block-0080,release-three-obligations,reasoning,reasoning,True,0,0.6,0.6,0.9,0.9,0,15166,0.0021632,30.583787475999998,10605,0.00202685,40.69837935199985,0.3007384939997363
block-0081,release-three-obligations,reasoning,reasoning,False,3,0.4,0.5,0.9,1.0,1,12664,0.0020556000000000003,37.94881726299968,7493,0.0016451500000000002,34.678414960000055,0.4083228048010107
block-0082,firmware-selective-applicability,plain,plain,False,3,0.6,0.6,1.0,1.0,0,9427,0.0012856,14.54564427299988,6101,0.0008369,17.15210076100061,0.3528163784873236
block-0083,migration-cutover-obligations,plain,plain,False,1,0.6,0.6,1.0,1.0,0,9371,0.0012953,14.449324558000399,5834,0.0008348,17.346563923999838,0.37744104151104474
block-0084,database-alternative-read-routes,reasoning,plain,False,1,0.4,0.5,0.9,1.0,1,11606,0.00155655,22.917485426999974,5432,0.0008892,19.902130972000123,0.5319662243667069
block-0085,firmware-selective-applicability,reasoning,reasoning,True,1,0.3,0.3,1.0,1.0,0,18397,0.0026177,35.423913790999904,9102,0.0017378500000000002,33.001652320999256,0.5052454204489862
block-0086,migration-cutover-obligations,plain,reasoning,True,3,0.8,0.8,1.0,1.0,0,13979,0.0022305000000000003,32.303582743000334,9339,0.0016798,31.11854755899958,0.3319264611202518
block-0087,migration-multiple-version-bindings,reasoning,plain,False,3,0.7,0.7,1.0,1.0,0,10084,0.00132435,16.38612760900014,5611,0.0009093500000000001,22.190961145999154,0.44357397857992864
block-0088,database-alternative-read-routes,reasoning,reasoning,False,0,0.7,0.7,1.0,1.0,0,12047,0.0018284,30.976368991999607,8116,0.0017802500000000001,35.82657255699996,0.3263053042251183
block-0089,dispatch-direct-or-tunnel,reasoning,reasoning,True,1,0.5,0.5,1.0,1.0,0,14600,0.0020652500000000002,33.065269860999706,8965,0.0017611,34.95846130999962,0.385958904109589
block-0090,firmware-selective-applicability,reasoning,plain,True,3,0.6,0.7,0.9,1.0,1,22374,0.0025490000000000005,22.554693710999345,17932,0.0020844500000000003,25.652452226001515,0.19853401269330473
block-0091,migration-multiple-version-bindings,reasoning,plain,True,2,0.7,0.7,1.0,1.0,0,22105,0.0025013,19.983024029000262,18143,0.00212355,25.431714106999607,0.17923546708889393
block-0092,dispatch-direct-or-tunnel,reasoning,plain,False,3,0.5,0.5,1.0,1.0,0,11132,0.0014625,15.265189953999652,5172,0.0008019500000000001,17.312097974999688,0.5353934602946461
block-0093,dispatch-direct-or-tunnel,plain,reasoning,True,3,0.6,0.6,1.0,1.0,0,16294,0.0022534,32.34766456499983,9795,0.00181765,32.478714669000965,0.39885847551245857
block-0094,database-alternative-read-routes,plain,reasoning,False,0,0.6,0.6,1.0,1.0,0,13505,0.0020644,32.99356029199953,8239,0.00155185,31.42021097299994,0.38992965568308036
block-0095,database-alternative-read-routes,plain,plain,True,2,0.4,0.7,0.9,0.9,3,23154,0.0026835,18.215345281001646,15874,0.0018646000000000001,22.11661956299986,0.31441651550488037
block-0096,dispatch-direct-or-tunnel,plain,plain,True,0,0.8,0.8,0.9,0.9,0,24888,0.0029499,19.045471522000753,19198,0.002182,22.3254802309998,0.22862423657987785
block-0097,firmware-selective-applicability,plain,reasoning,False,2,0.7,0.7,1.0,1.0,0,13159,0.0022114500000000002,36.05363377799904,8462,0.0015911,33.19940313200004,0.3569420168705829
block-0098,database-alternative-read-routes,plain,reasoning,False,3,0.4,0.4,1.0,1.0,0,14276,0.00237455,37.933281341000566,8787,0.0017710500000000001,34.898303545998715,0.38449145418884845
block-0099,firmware-selective-applicability,plain,plain,True,0,0.6,0.9,1.0,1.0,3,23331,0.0027039,21.395731838999836,18700,0.0021229,21.685815474000265,0.1984912776991985
block-0100,release-three-obligations,reasoning,plain,True,0,0.4,0.4,0.8,0.8,0,23000,0.00257295,21.255666724000093,16200,0.0019459000000000002,21.757933917999253,0.29565217391304344
block-0101,dispatch-direct-or-tunnel,plain,plain,False,1,0.5,0.5,1.0,1.0,0,10682,0.0014537,13.731155414000114,5991,0.0008541,15.610714635000477,0.43914997191537164
block-0102,migration-multiple-version-bindings,reasoning,reasoning,True,1,0.5,0.5,1.0,1.0,0,17127,0.0025318000000000003,35.86872769399906,11692,0.00210325,38.90507764599988,0.31733520172826535
block-0103,release-three-obligations,plain,plain,True,1,0.3,0.3,0.7,0.7,0,23038,0.0026815000000000003,19.45060241300007,16773,0.0019425000000000002,39.86857227999917,0.27194200885493536
block-0104,migration-cutover-obligations,reasoning,reasoning,False,2,0.7,0.7,1.0,1.0,0,14954,0.0025488000000000004,42.62447478800141,8028,0.00177235,37.50839662000044,0.46315367125852613
block-0105,dispatch-direct-or-tunnel,reasoning,plain,False,2,0.5,0.5,1.0,1.0,0,11032,0.00142235,14.110002576000625,5314,0.00085875,17.52491958100063,0.5183103698332125
block-0106,dispatch-direct-or-tunnel,plain,plain,True,3,0.6,0.6,1.0,1.0,0,23997,0.0027816000000000004,19.942963829999826,19244,0.0022004000000000004,23.08570368500068,0.19806642496978788
block-0107,database-alternative-read-routes,plain,reasoning,False,2,0.5,0.5,1.0,1.0,0,14321,0.0023169500000000003,36.003327963999254,8079,0.0014878500000000002,32.07024739099961,0.43586341735912293
block-0108,firmware-selective-applicability,plain,reasoning,True,3,0.6,0.6,1.0,1.0,0,19624,0.00267995,40.32745092699906,9788,0.0017435,33.122349300000224,0.5012229922543824
block-0109,database-alternative-read-routes,reasoning,plain,False,3,0.5,0.5,1.0,1.0,0,11135,0.0014348000000000002,13.855198149000444,5349,0.0008560000000000001,18.73159496399967,0.5196228109564436
block-0110,release-three-obligations,reasoning,plain,False,1,0.6,0.6,1.0,1.0,0,8163,0.00117795,14.069109015999857,5120,0.0008637,18.026828628000203,0.3727796153374985
block-0111,dispatch-direct-or-tunnel,plain,plain,True,1,0.4,0.5,0.7,0.7,1,26115,0.0030198000000000004,20.081447108998873,19231,0.0021952,22.99799862599957,0.2636032931265556
block-0112,migration-cutover-obligations,plain,plain,False,3,0.6,0.6,1.0,1.0,0,9231,0.0012666,12.988750357999834,5928,0.0008724000000000001,16.032547638999404,0.3578160545986351
block-0113,firmware-selective-applicability,reasoning,plain,False,2,0.6,0.6,1.0,1.0,0,9774,0.0012605000000000001,12.941335637000066,5450,0.0008452500000000001,17.300541704999432,0.4423981993042767
block-0114,dispatch-direct-or-tunnel,reasoning,plain,True,3,0.4,0.5,0.9,1.0,1,20812,0.0023417,17.46228526799996,18495,0.0021762500000000002,24.221203347000483,0.11133000192196807
block-0115,dispatch-direct-or-tunnel,plain,plain,False,0,0.5,0.5,1.0,1.0,0,10695,0.0014556,12.722534541001096,5966,0.0008441000000000001,15.707603977999042,0.4421692379616643
block-0116,dispatch-direct-or-tunnel,plain,plain,False,3,0.5,0.5,1.0,1.0,0,10822,0.0014923,16.116309973000625,6030,0.0008697,18.693900962999578,0.44280170024025134
block-0117,dispatch-direct-or-tunnel,plain,reasoning,False,0,0.6,0.6,1.0,1.0,0,13653,0.0021798,36.38607297500039,8592,0.0017144500000000002,36.45453924999947,0.37068776093166333
block-0118,release-three-obligations,reasoning,reasoning,False,2,0.7,0.7,1.0,1.0,0,10776,0.0014701500000000001,24.722096924001107,7745,0.0017459500000000002,37.88116862300103,0.28127319970304376
block-0119,database-alternative-read-routes,plain,plain,True,0,0.4,0.4,0.9,0.9,0,27706,0.003121,21.9909218039993,19676,0.0022466,26.137243650999153,0.2898289179239154
block-0120,dispatch-direct-or-tunnel,reasoning,plain,True,1,0.4,0.4,0.7,0.7,0,17831,0.0020606,19.969645934000255,18791,0.00229465,31.86071728600018,-0.05383882003252771
block-0121,firmware-selective-applicability,reasoning,plain,True,1,0.5,0.5,0.8,0.8,0,20734,0.0024013500000000004,26.88148973200032,17917,0.00207845,28.438015057000484,0.13586379859168518
block-0122,release-three-obligations,plain,reasoning,False,3,0.7,0.7,1.0,1.0,0,10428,0.00153705,24.312788925000405,7989,0.00161095,34.6532000340012,0.23388952819332565
block-0123,release-three-obligations,plain,reasoning,True,1,0.7,0.7,1.0,1.0,0,12591,0.0019441,29.024867781999546,9038,0.00165255,33.71674255100106,0.2821856881899769
block-0124,firmware-selective-applicability,reasoning,reasoning,True,2,0.3,0.3,1.0,1.0,0,22827,0.0032494000000000004,48.31176893499969,10352,0.0017258,32.369043072000295,0.5465019494458316
block-0125,firmware-selective-applicability,plain,reasoning,False,3,0.7,0.7,1.0,1.0,0,12678,0.00213525,35.48061948399936,8490,0.0016023,34.454436627001996,0.3303360151443445
block-0126,database-alternative-read-routes,reasoning,plain,True,2,0.4,0.4,1.0,1.0,0,25174,0.00283685,25.155393990999528,17550,0.0021073,27.82663658499996,0.3028521490426631
block-0127,database-alternative-read-routes,reasoning,reasoning,True,2,0.3,0.4,0.9,1.0,1,14729,0.0020538500000000003,30.6055134799999,8976,0.0017462500000000002,32.943212252000194,0.3905899925317401
block-0128,migration-multiple-version-bindings,plain,plain,False,0,0.7,0.7,1.0,1.0,0,9543,0.0012975,19.988290113000403,6296,0.000914,18.797869170000467,0.34024939746410987
block-0129,release-three-obligations,reasoning,plain,False,0,0.7,0.7,1.0,1.0,0,9217,0.0011906,16.526343941000505,5032,0.0008285,20.94674896900051,0.4540522946728871
block-0130,migration-multiple-version-bindings,plain,reasoning,False,2,0.7,0.7,1.0,1.0,0,11961,0.0017819,27.83920065999928,8147,0.0017821500000000001,39.73668468199912,0.3188696597274475
block-0131,migration-cutover-obligations,plain,plain,False,0,0.6,0.6,1.0,1.0,0,9240,0.00126,19.033174612999574,5799,0.0008208,19.504992812999717,0.3724025974025974
block-0132,migration-cutover-obligations,plain,reasoning,False,3,0.7,0.7,1.0,1.0,0,13106,0.0023300000000000005,41.88920025100015,8714,0.0018078,63.55259797100098,0.3351136883869983
block-0133,database-alternative-read-routes,reasoning,plain,False,2,0.5,0.5,1.0,1.0,0,11246,0.0014564500000000002,15.954825359000552,5348,0.0008556,17.11566265900001,0.5244531388938289
block-0134,database-alternative-read-routes,reasoning,reasoning,True,0,0.6,0.6,1.0,1.0,0,14444,0.00193005,29.075274183001056,8780,0.0016678500000000002,32.20618027299906,0.3921351426197729
block-0135,release-three-obligations,reasoning,plain,True,3,0.5,0.5,0.9,0.9,0,22951,0.0025694000000000003,20.871271886001068,16248,0.0019651,23.36179917299978,0.2920569909807852
block-0136,release-three-obligations,plain,plain,True,0,0.4,0.5,0.8,0.9,1,22963,0.0026629,19.061472286999106,16773,0.0019425000000000002,22.997712644999865,0.26956408134825594
block-0137,dispatch-direct-or-tunnel,plain,reasoning,True,1,0.5,0.5,1.0,1.0,0,16235,0.00218115,34.400104230999204,9650,0.0017596500000000002,36.150722703000156,0.40560517400677554
block-0138,firmware-selective-applicability,reasoning,plain,True,0,0.5,0.5,0.8,0.8,0,23291,0.00260155,19.915485892998277,17874,0.00206125,24.28216848900047,0.23257910780988367
block-0139,dispatch-direct-or-tunnel,reasoning,reasoning,False,2,0.5,0.5,1.0,1.0,0,14416,0.00233465,37.87457354899925,7437,0.0015279,34.5674145969997,0.48411487236403994
block-0140,migration-multiple-version-bindings,plain,reasoning,True,2,0.5,0.5,1.0,1.0,0,13719,0.00210465,39.434600018998935,9085,0.00177935,34.899194428999635,0.3377797215540491
block-0141,migration-cutover-obligations,reasoning,reasoning,True,2,0.7,0.7,1.0,1.0,0,15377,0.0026567500000000003,43.69067003700002,8892,0.00173995,34.62276312900076,0.4217337582103141
block-0142,migration-cutover-obligations,reasoning,reasoning,False,3,0.7,0.7,1.0,1.0,0,13749,0.00241575,41.862124330000825,7977,0.0017519500000000002,39.25292864599987,0.4198123499890901
block-0143,release-three-obligations,plain,reasoning,True,0,0.6,0.6,0.9,0.9,0,12390,0.0018868000000000001,34.94289353400018,11268,0.0020993500000000003,40.84423624899773,0.09055690072639222
block-0144,firmware-selective-applicability,plain,plain,False,1,0.6,0.6,1.0,1.0,0,9077,0.0011894,12.04364622399953,6110,0.0008405,15.991507930000353,0.32687011127024346
block-0145,database-alternative-read-routes,reasoning,reasoning,False,1,0.7,0.7,1.0,1.0,0,12195,0.00179485,29.703464491999966,7636,0.0015882500000000003,35.517714360999435,0.3738417384173842
block-0146,release-three-obligations,plain,plain,False,2,0.7,0.7,1.0,1.0,0,8678,0.0011615,11.91139700300073,5709,0.0008667,16.65030761000071,0.3421295229315511
block-0147,release-three-obligations,plain,plain,False,0,0.7,0.7,1.0,1.0,0,8707,0.0011641000000000002,12.138777652999124,5616,0.0008295,16.239402220000102,0.35500172275180886
block-0148,dispatch-direct-or-tunnel,plain,reasoning,True,0,0.5,0.5,1.0,1.0,0,13656,0.0019171000000000001,30.195358201998715,11905,0.00203725,39.403487245998804,0.12822202694786178
block-0149,database-alternative-read-routes,plain,plain,False,0,0.5,0.5,1.0,1.0,0,10871,0.0014759,13.266446979000648,6200,0.0009188,15.029944887000966,0.4296752828626621
block-0150,database-alternative-read-routes,reasoning,reasoning,False,3,0.7,0.7,1.0,1.0,0,12314,0.0019632,34.71417861899863,7902,0.0016946500000000002,38.31834624599924,0.35829137566996916
block-0151,migration-cutover-obligations,plain,reasoning,False,2,0.6,0.6,1.0,1.0,0,11874,0.00193625,31.988611835999563,9089,0.0019578,41.66950387099996,0.23454606703722414
block-0152,migration-cutover-obligations,reasoning,reasoning,True,1,0.7,0.7,1.0,1.0,0,17379,0.0028695500000000002,47.59589494700003,8905,0.0017451500000000002,36.11199111999986,0.48759997698371593
block-0153,migration-multiple-version-bindings,plain,reasoning,False,1,0.7,0.7,1.0,1.0,0,12253,0.00175975,27.925914377000936,8977,0.0017961500000000003,38.48371761600083,0.2673630947523056
block-0154,migration-cutover-obligations,reasoning,reasoning,False,0,0.8,0.8,1.0,1.0,0,13435,0.0023272500000000003,42.36133100900088,7455,0.00154315,33.91308948000005,0.4451060662448828
block-0155,migration-cutover-obligations,plain,reasoning,True,1,0.9,0.9,1.0,1.0,0,16598,0.0027461000000000005,42.34808441599989,9639,0.0017998,35.1166143789992,0.4192673816122424
block-0156,migration-cutover-obligations,reasoning,plain,True,1,0.6,0.6,1.0,1.0,0,21524,0.00248275,18.594021099999736,16075,0.00192325,23.6494783560006,0.25315926407730904
block-0157,migration-cutover-obligations,plain,reasoning,True,0,0.8,0.8,1.0,1.0,0,15569,0.0024024000000000003,36.68688048700051,9385,0.0016982000000000002,33.8273613450001,0.3971995632346329
block-0158,migration-multiple-version-bindings,reasoning,plain,True,0,0.5,0.5,0.9,0.9,0,21443,0.00249665,25.268257353999616,18117,0.0021131500000000003,23.8854018359998,0.15510889334514755
block-0159,database-alternative-read-routes,plain,reasoning,False,1,0.5,0.5,1.0,1.0,0,13240,0.00193845,30.120516552000026,8329,0.00158785,32.341029925999464,0.3709214501510574
block-0160,firmware-selective-applicability,reasoning,plain,True,2,0.6,0.6,1.0,1.0,0,22062,0.00249255,22.151299345999632,18036,0.00212605,23.46523763400046,0.18248572205602398
block-0161,migration-multiple-version-bindings,plain,plain,False,1,0.7,0.7,1.0,1.0,0,9778,0.0013516000000000001,14.008382232000713,5210,0.0007976000000000001,15.101717568999902,0.46717120065453055
block-0162,dispatch-direct-or-tunnel,reasoning,reasoning,False,3,0.4,0.4,1.0,1.0,0,14300,0.0022322500000000003,35.740239450999525,7839,0.0016887,39.542553670998586,0.4518181818181818
block-0163,migration-cutover-obligations,reasoning,reasoning,True,0,0.7,0.7,1.0,1.0,0,14345,0.00229295,37.06752306000044,8738,0.0016783500000000001,35.52473391100011,0.3908678982223771
block-0164,release-three-obligations,plain,plain,True,2,0.4,0.5,0.8,0.9,1,22644,0.0026019000000000003,19.252282499999637,16729,0.0019249,23.362665407998975,0.2612170994523936
block-0165,firmware-selective-applicability,plain,reasoning,True,1,0.6,0.6,1.0,1.0,0,21239,0.0027544,39.16675955200026,9726,0.0017187,33.90686541100149,0.5420688356325627
block-0166,database-alternative-read-routes,plain,plain,True,1,0.4,0.4,1.0,1.0,0,23164,0.0027076,16.790958452999803,18372,0.0021048,20.980833663998965,0.2068727335520636
block-0167,migration-cutover-obligations,reasoning,plain,False,0,0.6,0.6,1.0,1.0,0,10308,0.0014420500000000003,17.108947016000457,5163,0.00080535,16.462554979000288,0.49912689173457514
block-0168,release-three-obligations,plain,reasoning,True,2,0.7,0.7,1.0,1.0,0,11982,0.0017323500000000001,26.768717708999702,9073,0.0016665500000000001,32.799163790999046,0.24278083792355198
block-0169,release-three-obligations,reasoning,reasoning,False,1,0.4,0.5,0.9,1.0,1,12184,0.0019273,30.568849272000534,7046,0.00146635,32.36974482099913,0.4217005909389363
block-0170,firmware-selective-applicability,plain,plain,True,3,0.4,0.4,0.7,0.7,0,24621,0.0028299,20.949567943000602,18680,0.0021149000000000003,23.52949889600086,0.2412980788757565
block-0171,firmware-selective-applicability,reasoning,plain,False,3,0.6,0.6,1.0,1.0,0,9903,0.0012848500000000001,14.101729875998899,5411,0.00082965,17.412947552999412,0.4535999192163991
block-0172,migration-multiple-version-bindings,plain,plain,True,2,0.6,0.6,1.0,1.0,0,20588,0.0023744,16.545426269999552,18860,0.002141,22.27019558300117,0.0839323877987177
block-0173,dispatch-direct-or-tunnel,plain,plain,True,2,0.7,0.7,1.0,1.0,0,27097,0.0030676,18.11705018700013,19272,0.0022116,23.607302143001107,0.28877735542680005
block-0174,migration-multiple-version-bindings,plain,reasoning,False,3,0.6,0.6,1.0,1.0,0,12496,0.0019612500000000003,28.196735599000476,9594,0.00204295,40.89590852500078,0.23223431498079383
block-0175,database-alternative-read-routes,plain,plain,False,2,0.7,0.7,1.0,1.0,0,11699,0.0016874,15.958883627001342,6139,0.0008944000000000001,15.613441094999416,0.4752542952389093
block-0176,release-three-obligations,plain,plain,True,3,0.6,0.6,0.9,0.9,0,21036,0.0024363,18.257559232000858,16785,0.0019473000000000001,21.621520168001553,0.20208214489446663
block-0177,dispatch-direct-or-tunnel,reasoning,plain,True,2,0.5,0.5,0.9,0.9,0,23010,0.0025895000000000002,22.2589925150005,18746,0.0022766500000000003,25.880831673999182,0.18531073446327684
block-0178,migration-multiple-version-bindings,reasoning,reasoning,False,3,0.7,0.7,1.0,1.0,0,12325,0.00167535,26.515972305001014,8877,0.0020255000000000004,41.34104594400014,0.27975659229208927
block-0179,firmware-selective-applicability,plain,plain,False,2,0.6,0.6,1.0,1.0,0,9287,0.001247,11.857853046000855,6121,0.0008449000000000001,15.459338998999556,0.3409066436954883
block-0180,database-alternative-read-routes,reasoning,plain,True,1,0.5,0.6,0.9,1.0,1,26776,0.0029969000000000003,23.012871477000317,18808,0.002177,25.057337922000443,0.29757992231849417
block-0181,migration-cutover-obligations,reasoning,plain,False,2,0.8,0.8,1.0,1.0,0,8411,0.00120115,12.84867660799955,5226,0.00083055,17.83314022400009,0.37867078825347755
block-0182,firmware-selective-applicability,reasoning,reasoning,True,3,0.5,0.5,1.0,1.0,0,19197,0.0027858,46.46131653500106,10710,0.0018882500000000002,37.593120204000115,0.44210032817627753
block-0183,database-alternative-read-routes,reasoning,reasoning,False,2,0.5,0.5,1.0,1.0,0,12618,0.0016420500000000002,26.566600554999695,7710,0.00161785,34.33647826000015,0.3889681407513077
block-0184,dispatch-direct-or-tunnel,reasoning,plain,False,1,0.7,0.7,1.0,1.0,0,9744,0.00139045,13.77264808100017,5195,0.0008111500000000001,16.817215626000234,0.4668513957307061
block-0185,release-three-obligations,reasoning,reasoning,False,0,0.6,0.6,1.0,1.0,0,12020,0.0019058,31.044665976999568,7643,0.0017051500000000001,36.89929041900041,0.3641430948419301
block-0186,migration-cutover-obligations,reasoning,plain,True,2,0.5,0.5,1.0,1.0,0,21961,0.0025144000000000004,18.818354652999915,14835,0.00181365,24.738554361001206,0.3244843131004963
block-0187,release-three-obligations,plain,reasoning,False,0,0.5,0.5,1.0,1.0,0,12392,0.0021102,33.564845407999655,8105,0.0016573500000000001,32.252301550000084,0.34594899935442225
block-0188,migration-multiple-version-bindings,reasoning,plain,False,0,0.7,0.7,1.0,1.0,0,10260,0.00135935,14.514655068000138,5506,0.00086735,16.41096217200038,0.4633528265107213
block-0189,database-alternative-read-routes,plain,plain,True,3,0.5,0.6,1.0,1.0,1,21247,0.0024832,16.736272500000723,18235,0.0021037,21.612163354999666,0.14176118981503272
block-0190,firmware-selective-applicability,plain,reasoning,True,0,0.4,0.5,0.9,1.0,1,22071,0.0029703000000000004,45.041811629999756,9918,0.0017955,35.87168488600037,0.5506320511077885
block-0191,migration-multiple-version-bindings,plain,reasoning,True,3,0.6,0.6,1.0,1.0,0,18467,0.00268995,40.826574232999974,12351,0.00209945,41.885517420000724,0.3311853576650241
