dimension,arm,case,donor,receiver,native_tools,n,known_correct,known_incorrect,ambiguous,lower,upper,resolved_n,resolved_only_match_rate,false_ready,reference_nonready_n,false_ready_lower_all,false_ready_upper_all,false_ready_lower_conditional,false_ready_upper_conditional
task,eal,database-alternative-read-routes,,,,320,315,2,3,0.984375,0.99375,317,0.9936908517350158,0,160,0.0,0.009375,0.0,0.01875
task,eal,dispatch-direct-or-tunnel,,,,320,306,13,1,0.95625,0.959375,319,0.9592476489028213,2,160,0.00625,0.009375,0.0125,0.01875
task,eal,firmware-selective-applicability,,,,320,308,9,3,0.9625,0.971875,317,0.9716088328075709,3,192,0.009375,0.01875,0.015625,0.03125
task,eal,migration-cutover-obligations,,,,320,319,1,0,0.996875,0.996875,320,0.996875,1,192,0.003125,0.003125,0.005208333333333333,0.005208333333333333
task,eal,migration-multiple-version-bindings,,,,320,316,3,1,0.9875,0.990625,319,0.9905956112852664,1,224,0.003125,0.00625,0.004464285714285714,0.008928571428571428
task,eal,release-three-obligations,,,,320,302,13,5,0.94375,0.959375,315,0.9587301587301588,1,224,0.003125,0.01875,0.004464285714285714,0.026785714285714284
task,ordinary,database-alternative-read-routes,,,,320,142,173,5,0.44375,0.459375,315,0.4507936507936508,66,160,0.20625,0.2125,0.4125,0.425
task,ordinary,dispatch-direct-or-tunnel,,,,320,139,180,1,0.434375,0.4375,319,0.43573667711598746,109,160,0.340625,0.34375,0.68125,0.6875
task,ordinary,firmware-selective-applicability,,,,320,124,193,3,0.3875,0.396875,317,0.3911671924290221,116,192,0.3625,0.36875,0.6041666666666666,0.6145833333333334
task,ordinary,migration-cutover-obligations,,,,320,108,212,0,0.3375,0.3375,320,0.3375,96,192,0.3,0.3,0.5,0.5
task,ordinary,migration-multiple-version-bindings,,,,320,109,211,0,0.340625,0.340625,320,0.340625,160,224,0.5,0.5,0.7142857142857143,0.7142857142857143
task,ordinary,release-three-obligations,,,,320,117,202,1,0.365625,0.36875,319,0.3667711598746082,106,224,0.33125,0.334375,0.4732142857142857,0.47767857142857145
recipient_model_tools,eal,,,plain,False,480,479,0,1,0.9979166666666667,1.0,479,1.0,0,288,0.0,0.0020833333333333333,0.0,0.003472222222222222
recipient_model_tools,eal,,,plain,True,480,442,33,5,0.9208333333333333,0.93125,475,0.9305263157894736,5,288,0.010416666666666666,0.020833333333333332,0.017361111111111112,0.034722222222222224
recipient_model_tools,eal,,,reasoning,False,480,475,0,5,0.9895833333333334,1.0,475,1.0,0,288,0.0,0.010416666666666666,0.0,0.017361111111111112
recipient_model_tools,eal,,,reasoning,True,480,470,8,2,0.9791666666666666,0.9833333333333333,478,0.9832635983263598,3,288,0.00625,0.010416666666666666,0.010416666666666666,0.017361111111111112
recipient_model_tools,ordinary,,,plain,False,480,185,295,0,0.3854166666666667,0.3854166666666667,480,0.3854166666666667,253,288,0.5270833333333333,0.5270833333333333,0.8784722222222222,0.8784722222222222
recipient_model_tools,ordinary,,,plain,True,480,180,290,10,0.375,0.3958333333333333,470,0.3829787234042553,118,288,0.24583333333333332,0.25833333333333336,0.4097222222222222,0.4305555555555556
recipient_model_tools,ordinary,,,reasoning,False,480,186,294,0,0.3875,0.3875,480,0.3875,123,288,0.25625,0.25625,0.4270833333333333,0.4270833333333333
recipient_model_tools,ordinary,,,reasoning,True,480,188,292,0,0.39166666666666666,0.39166666666666666,480,0.39166666666666666,159,288,0.33125,0.33125,0.5520833333333334,0.5520833333333334
donor_recipient,eal,,plain,plain,,480,461,17,2,0.9604166666666667,0.9645833333333333,478,0.9644351464435147,3,288,0.00625,0.010416666666666666,0.010416666666666666,0.017361111111111112
donor_recipient,eal,,plain,reasoning,,480,475,1,4,0.9895833333333334,0.9979166666666667,476,0.9978991596638656,0,288,0.0,0.008333333333333333,0.0,0.013888888888888888
donor_recipient,eal,,reasoning,plain,,480,460,16,4,0.9583333333333334,0.9666666666666667,476,0.9663865546218487,2,288,0.004166666666666667,0.0125,0.006944444444444444,0.020833333333333332
donor_recipient,eal,,reasoning,reasoning,,480,470,7,3,0.9791666666666666,0.9854166666666667,477,0.9853249475890985,3,288,0.00625,0.0125,0.010416666666666666,0.020833333333333332
donor_recipient,ordinary,,plain,plain,,480,176,296,8,0.36666666666666664,0.38333333333333336,472,0.3728813559322034,184,288,0.38333333333333336,0.39375,0.6388888888888888,0.65625
donor_recipient,ordinary,,plain,reasoning,,480,190,290,0,0.3958333333333333,0.3958333333333333,480,0.3958333333333333,157,288,0.32708333333333334,0.32708333333333334,0.5451388888888888,0.5451388888888888
donor_recipient,ordinary,,reasoning,plain,,480,189,289,2,0.39375,0.39791666666666664,478,0.39539748953974896,187,288,0.38958333333333334,0.39166666666666666,0.6493055555555556,0.6527777777777778
donor_recipient,ordinary,,reasoning,reasoning,,480,184,296,0,0.38333333333333336,0.38333333333333336,480,0.38333333333333336,125,288,0.2604166666666667,0.2604166666666667,0.4340277777777778,0.4340277777777778
full_stratum,eal,database-alternative-read-routes,plain,plain,False,40,40,0,0,1.0,1.0,40,1.0,0,20,0.0,0.0,0.0,0.0
full_stratum,eal,database-alternative-read-routes,plain,plain,True,40,38,2,0,0.95,0.95,40,0.95,0,20,0.0,0.0,0.0,0.0
full_stratum,eal,database-alternative-read-routes,plain,reasoning,False,40,40,0,0,1.0,1.0,40,1.0,0,20,0.0,0.0,0.0,0.0
full_stratum,eal,database-alternative-read-routes,plain,reasoning,True,40,40,0,0,1.0,1.0,40,1.0,0,20,0.0,0.0,0.0,0.0
full_stratum,eal,database-alternative-read-routes,reasoning,plain,False,40,39,0,1,0.975,1.0,39,1.0,0,20,0.0,0.025,0.0,0.05
full_stratum,eal,database-alternative-read-routes,reasoning,plain,True,40,39,0,1,0.975,1.0,39,1.0,0,20,0.0,0.025,0.0,0.05
full_stratum,eal,database-alternative-read-routes,reasoning,reasoning,False,40,40,0,0,1.0,1.0,40,1.0,0,20,0.0,0.0,0.0,0.0
full_stratum,eal,database-alternative-read-routes,reasoning,reasoning,True,40,39,0,1,0.975,1.0,39,1.0,0,20,0.0,0.025,0.0,0.05
full_stratum,eal,dispatch-direct-or-tunnel,plain,plain,False,40,40,0,0,1.0,1.0,40,1.0,0,20,0.0,0.0,0.0,0.0
full_stratum,eal,dispatch-direct-or-tunnel,plain,plain,True,40,36,4,0,0.9,0.9,40,0.9,0,20,0.0,0.0,0.0,0.0
full_stratum,eal,dispatch-direct-or-tunnel,plain,reasoning,False,40,40,0,0,1.0,1.0,40,1.0,0,20,0.0,0.0,0.0,0.0
full_stratum,eal,dispatch-direct-or-tunnel,plain,reasoning,True,40,40,0,0,1.0,1.0,40,1.0,0,20,0.0,0.0,0.0,0.0
full_stratum,eal,dispatch-direct-or-tunnel,reasoning,plain,False,40,40,0,0,1.0,1.0,40,1.0,0,20,0.0,0.0,0.0,0.0
full_stratum,eal,dispatch-direct-or-tunnel,reasoning,plain,True,40,33,6,1,0.825,0.85,39,0.8461538461538461,0,20,0.0,0.025,0.0,0.05
full_stratum,eal,dispatch-direct-or-tunnel,reasoning,reasoning,False,40,40,0,0,1.0,1.0,40,1.0,0,20,0.0,0.0,0.0,0.0
full_stratum,eal,dispatch-direct-or-tunnel,reasoning,reasoning,True,40,37,3,0,0.925,0.925,40,0.925,2,20,0.05,0.05,0.1,0.1
full_stratum,eal,firmware-selective-applicability,plain,plain,False,40,40,0,0,1.0,1.0,40,1.0,0,24,0.0,0.0,0.0,0.0
full_stratum,eal,firmware-selective-applicability,plain,plain,True,40,36,4,0,0.9,0.9,40,0.9,2,24,0.05,0.05,0.08333333333333333,0.08333333333333333
full_stratum,eal,firmware-selective-applicability,plain,reasoning,False,40,39,0,1,0.975,1.0,39,1.0,0,24,0.0,0.025,0.0,0.041666666666666664
full_stratum,eal,firmware-selective-applicability,plain,reasoning,True,40,39,0,1,0.975,1.0,39,1.0,0,24,0.0,0.025,0.0,0.041666666666666664
full_stratum,eal,firmware-selective-applicability,reasoning,plain,False,40,40,0,0,1.0,1.0,40,1.0,0,24,0.0,0.0,0.0,0.0
full_stratum,eal,firmware-selective-applicability,reasoning,plain,True,40,35,4,1,0.875,0.9,39,0.8974358974358975,1,24,0.025,0.05,0.041666666666666664,0.08333333333333333
full_stratum,eal,firmware-selective-applicability,reasoning,reasoning,False,40,40,0,0,1.0,1.0,40,1.0,0,24,0.0,0.0,0.0,0.0
full_stratum,eal,firmware-selective-applicability,reasoning,reasoning,True,40,39,1,0,0.975,0.975,40,0.975,0,24,0.0,0.0,0.0,0.0
full_stratum,eal,migration-cutover-obligations,plain,plain,False,40,40,0,0,1.0,1.0,40,1.0,0,24,0.0,0.0,0.0,0.0
full_stratum,eal,migration-cutover-obligations,plain,plain,True,40,39,1,0,0.975,0.975,40,0.975,1,24,0.025,0.025,0.041666666666666664,0.041666666666666664
full_stratum,eal,migration-cutover-obligations,plain,reasoning,False,40,40,0,0,1.0,1.0,40,1.0,0,24,0.0,0.0,0.0,0.0
full_stratum,eal,migration-cutover-obligations,plain,reasoning,True,40,40,0,0,1.0,1.0,40,1.0,0,24,0.0,0.0,0.0,0.0
full_stratum,eal,migration-cutover-obligations,reasoning,plain,False,40,40,0,0,1.0,1.0,40,1.0,0,24,0.0,0.0,0.0,0.0
full_stratum,eal,migration-cutover-obligations,reasoning,plain,True,40,40,0,0,1.0,1.0,40,1.0,0,24,0.0,0.0,0.0,0.0
full_stratum,eal,migration-cutover-obligations,reasoning,reasoning,False,40,40,0,0,1.0,1.0,40,1.0,0,24,0.0,0.0,0.0,0.0
full_stratum,eal,migration-cutover-obligations,reasoning,reasoning,True,40,40,0,0,1.0,1.0,40,1.0,0,24,0.0,0.0,0.0,0.0
full_stratum,eal,migration-multiple-version-bindings,plain,plain,False,40,40,0,0,1.0,1.0,40,1.0,0,28,0.0,0.0,0.0,0.0
full_stratum,eal,migration-multiple-version-bindings,plain,plain,True,40,40,0,0,1.0,1.0,40,1.0,0,28,0.0,0.0,0.0,0.0
full_stratum,eal,migration-multiple-version-bindings,plain,reasoning,False,40,39,0,1,0.975,1.0,39,1.0,0,28,0.0,0.025,0.0,0.03571428571428571
full_stratum,eal,migration-multiple-version-bindings,plain,reasoning,True,40,40,0,0,1.0,1.0,40,1.0,0,28,0.0,0.0,0.0,0.0
full_stratum,eal,migration-multiple-version-bindings,reasoning,plain,False,40,40,0,0,1.0,1.0,40,1.0,0,28,0.0,0.0,0.0,0.0
full_stratum,eal,migration-multiple-version-bindings,reasoning,plain,True,40,38,2,0,0.95,0.95,40,0.95,1,28,0.025,0.025,0.03571428571428571,0.03571428571428571
full_stratum,eal,migration-multiple-version-bindings,reasoning,reasoning,False,40,40,0,0,1.0,1.0,40,1.0,0,28,0.0,0.0,0.0,0.0
full_stratum,eal,migration-multiple-version-bindings,reasoning,reasoning,True,40,39,1,0,0.975,0.975,40,0.975,0,28,0.0,0.0,0.0,0.0
full_stratum,eal,release-three-obligations,plain,plain,False,40,40,0,0,1.0,1.0,40,1.0,0,28,0.0,0.0,0.0,0.0
full_stratum,eal,release-three-obligations,plain,plain,True,40,32,6,2,0.8,0.85,38,0.8421052631578947,0,28,0.0,0.05,0.0,0.07142857142857142
full_stratum,eal,release-three-obligations,plain,reasoning,False,40,39,0,1,0.975,1.0,39,1.0,0,28,0.0,0.025,0.0,0.03571428571428571
full_stratum,eal,release-three-obligations,plain,reasoning,True,40,39,1,0,0.975,0.975,40,0.975,0,28,0.0,0.0,0.0,0.0
full_stratum,eal,release-three-obligations,reasoning,plain,False,40,40,0,0,1.0,1.0,40,1.0,0,28,0.0,0.0,0.0,0.0
full_stratum,eal,release-three-obligations,reasoning,plain,True,40,36,4,0,0.9,0.9,40,0.9,0,28,0.0,0.0,0.0,0.0
full_stratum,eal,release-three-obligations,reasoning,reasoning,False,40,38,0,2,0.95,1.0,38,1.0,0,28,0.0,0.05,0.0,0.07142857142857142
full_stratum,eal,release-three-obligations,reasoning,reasoning,True,40,38,2,0,0.95,0.95,40,0.95,1,28,0.025,0.025,0.03571428571428571,0.03571428571428571
full_stratum,ordinary,database-alternative-read-routes,plain,plain,False,40,15,25,0,0.375,0.375,40,0.375,10,20,0.25,0.25,0.5,0.5
full_stratum,ordinary,database-alternative-read-routes,plain,plain,True,40,17,19,4,0.425,0.525,36,0.4722222222222222,6,20,0.15,0.2,0.3,0.4
full_stratum,ordinary,database-alternative-read-routes,plain,reasoning,False,40,20,20,0,0.5,0.5,40,0.5,2,20,0.05,0.05,0.1,0.1
full_stratum,ordinary,database-alternative-read-routes,plain,reasoning,True,40,19,21,0,0.475,0.475,40,0.475,14,20,0.35,0.35,0.7,0.7
full_stratum,ordinary,database-alternative-read-routes,reasoning,plain,False,40,20,20,0,0.5,0.5,40,0.5,20,20,0.5,0.5,1.0,1.0
full_stratum,ordinary,database-alternative-read-routes,reasoning,plain,True,40,18,21,1,0.45,0.475,39,0.46153846153846156,2,20,0.05,0.05,0.1,0.1
full_stratum,ordinary,database-alternative-read-routes,reasoning,reasoning,False,40,14,26,0,0.35,0.35,40,0.35,5,20,0.125,0.125,0.25,0.25
full_stratum,ordinary,database-alternative-read-routes,reasoning,reasoning,True,40,19,21,0,0.475,0.475,40,0.475,7,20,0.175,0.175,0.35,0.35
full_stratum,ordinary,dispatch-direct-or-tunnel,plain,plain,False,40,20,20,0,0.5,0.5,40,0.5,20,20,0.5,0.5,1.0,1.0
full_stratum,ordinary,dispatch-direct-or-tunnel,plain,plain,True,40,10,29,1,0.25,0.275,39,0.2564102564102564,6,20,0.15,0.175,0.3,0.35
full_stratum,ordinary,dispatch-direct-or-tunnel,plain,reasoning,False,40,18,22,0,0.45,0.45,40,0.45,13,20,0.325,0.325,0.65,0.65
full_stratum,ordinary,dispatch-direct-or-tunnel,plain,reasoning,True,40,19,21,0,0.475,0.475,40,0.475,16,20,0.4,0.4,0.8,0.8
full_stratum,ordinary,dispatch-direct-or-tunnel,reasoning,plain,False,40,18,22,0,0.45,0.45,40,0.45,15,20,0.375,0.375,0.75,0.75
full_stratum,ordinary,dispatch-direct-or-tunnel,reasoning,plain,True,40,17,23,0,0.425,0.425,40,0.425,16,20,0.4,0.4,0.8,0.8
full_stratum,ordinary,dispatch-direct-or-tunnel,reasoning,reasoning,False,40,18,22,0,0.45,0.45,40,0.45,4,20,0.1,0.1,0.2,0.2
full_stratum,ordinary,dispatch-direct-or-tunnel,reasoning,reasoning,True,40,19,21,0,0.475,0.475,40,0.475,19,20,0.475,0.475,0.95,0.95
full_stratum,ordinary,firmware-selective-applicability,plain,plain,False,40,16,24,0,0.4,0.4,40,0.4,24,24,0.6,0.6,1.0,1.0
full_stratum,ordinary,firmware-selective-applicability,plain,plain,True,40,10,27,3,0.25,0.325,37,0.2702702702702703,8,24,0.2,0.25,0.3333333333333333,0.4166666666666667
full_stratum,ordinary,firmware-selective-applicability,plain,reasoning,False,40,16,24,0,0.4,0.4,40,0.4,4,24,0.1,0.1,0.16666666666666666,0.16666666666666666
full_stratum,ordinary,firmware-selective-applicability,plain,reasoning,True,40,15,25,0,0.375,0.375,40,0.375,19,24,0.475,0.475,0.7916666666666666,0.7916666666666666
full_stratum,ordinary,firmware-selective-applicability,reasoning,plain,False,40,16,24,0,0.4,0.4,40,0.4,24,24,0.6,0.6,1.0,1.0
full_stratum,ordinary,firmware-selective-applicability,reasoning,plain,True,40,13,27,0,0.325,0.325,40,0.325,12,24,0.3,0.3,0.5,0.5
full_stratum,ordinary,firmware-selective-applicability,reasoning,reasoning,False,40,16,24,0,0.4,0.4,40,0.4,19,24,0.475,0.475,0.7916666666666666,0.7916666666666666
full_stratum,ordinary,firmware-selective-applicability,reasoning,reasoning,True,40,22,18,0,0.55,0.55,40,0.55,6,24,0.15,0.15,0.25,0.25
full_stratum,ordinary,migration-cutover-obligations,plain,plain,False,40,16,24,0,0.4,0.4,40,0.4,24,24,0.6,0.6,1.0,1.0
full_stratum,ordinary,migration-cutover-obligations,plain,plain,True,40,18,22,0,0.45,0.45,40,0.45,10,24,0.25,0.25,0.4166666666666667,0.4166666666666667
full_stratum,ordinary,migration-cutover-obligations,plain,reasoning,False,40,13,27,0,0.325,0.325,40,0.325,10,24,0.25,0.25,0.4166666666666667,0.4166666666666667
full_stratum,ordinary,migration-cutover-obligations,plain,reasoning,True,40,8,32,0,0.2,0.2,40,0.2,13,24,0.325,0.325,0.5416666666666666,0.5416666666666666
full_stratum,ordinary,migration-cutover-obligations,reasoning,plain,False,40,14,26,0,0.35,0.35,40,0.35,18,24,0.45,0.45,0.75,0.75
full_stratum,ordinary,migration-cutover-obligations,reasoning,plain,True,40,18,22,0,0.45,0.45,40,0.45,14,24,0.35,0.35,0.5833333333333334,0.5833333333333334
full_stratum,ordinary,migration-cutover-obligations,reasoning,reasoning,False,40,10,30,0,0.25,0.25,40,0.25,1,24,0.025,0.025,0.041666666666666664,0.041666666666666664
full_stratum,ordinary,migration-cutover-obligations,reasoning,reasoning,True,40,11,29,0,0.275,0.275,40,0.275,6,24,0.15,0.15,0.25,0.25
full_stratum,ordinary,migration-multiple-version-bindings,plain,plain,False,40,12,28,0,0.3,0.3,40,0.3,28,28,0.7,0.7,1.0,1.0
full_stratum,ordinary,migration-multiple-version-bindings,plain,plain,True,40,15,25,0,0.375,0.375,40,0.375,19,28,0.475,0.475,0.6785714285714286,0.6785714285714286
full_stratum,ordinary,migration-multiple-version-bindings,plain,reasoning,False,40,14,26,0,0.35,0.35,40,0.35,20,28,0.5,0.5,0.7142857142857143,0.7142857142857143
full_stratum,ordinary,migration-multiple-version-bindings,plain,reasoning,True,40,16,24,0,0.4,0.4,40,0.4,9,28,0.225,0.225,0.32142857142857145,0.32142857142857145
full_stratum,ordinary,migration-multiple-version-bindings,reasoning,plain,False,40,12,28,0,0.3,0.3,40,0.3,28,28,0.7,0.7,1.0,1.0
full_stratum,ordinary,migration-multiple-version-bindings,reasoning,plain,True,40,14,26,0,0.35,0.35,40,0.35,24,28,0.6,0.6,0.8571428571428571,0.8571428571428571
full_stratum,ordinary,migration-multiple-version-bindings,reasoning,reasoning,False,40,12,28,0,0.3,0.3,40,0.3,19,28,0.475,0.475,0.6785714285714286,0.6785714285714286
full_stratum,ordinary,migration-multiple-version-bindings,reasoning,reasoning,True,40,14,26,0,0.35,0.35,40,0.35,13,28,0.325,0.325,0.4642857142857143,0.4642857142857143
full_stratum,ordinary,release-three-obligations,plain,plain,False,40,12,28,0,0.3,0.3,40,0.3,28,28,0.7,0.7,1.0,1.0
full_stratum,ordinary,release-three-obligations,plain,plain,True,40,15,25,0,0.375,0.375,40,0.375,1,28,0.025,0.025,0.03571428571428571,0.03571428571428571
full_stratum,ordinary,release-three-obligations,plain,reasoning,False,40,18,22,0,0.45,0.45,40,0.45,15,28,0.375,0.375,0.5357142857142857,0.5357142857142857
full_stratum,ordinary,release-three-obligations,plain,reasoning,True,40,14,26,0,0.35,0.35,40,0.35,22,28,0.55,0.55,0.7857142857142857,0.7857142857142857
full_stratum,ordinary,release-three-obligations,reasoning,plain,False,40,14,26,0,0.35,0.35,40,0.35,14,28,0.35,0.35,0.5,0.5
full_stratum,ordinary,release-three-obligations,reasoning,plain,True,40,15,24,1,0.375,0.4,39,0.38461538461538464,0,28,0.0,0.025,0.0,0.03571428571428571
full_stratum,ordinary,release-three-obligations,reasoning,reasoning,False,40,17,23,0,0.425,0.425,40,0.425,11,28,0.275,0.275,0.39285714285714285,0.39285714285714285
full_stratum,ordinary,release-three-obligations,reasoning,reasoning,True,40,12,28,0,0.3,0.3,40,0.3,15,28,0.375,0.375,0.5357142857142857,0.5357142857142857
