arm,session,n,known_correct,known_incorrect,ambiguous,lower,upper,false_ready,reference_nonready_n,cumulative_recipient_n,cumulative_recipient_lower,cumulative_recipient_upper
ordinary,0,192,171,19,2,0.890625,0.9010416666666666,0,0,0,,
eal,0,192,192,0,0,1.0,1.0,0,0,0,,
ordinary,1,192,175,17,0,0.9114583333333334,0.9114583333333334,0,0,192,0.9114583333333334,0.9114583333333334
eal,1,192,192,0,0,1.0,1.0,0,0,192,1.0,1.0
ordinary,2,192,38,151,3,0.19791666666666666,0.21354166666666666,129,160,384,0.5546875,0.5625
eal,2,192,186,5,1,0.96875,0.9739583333333334,3,160,384,0.984375,0.9869791666666666
ordinary,3,192,45,145,2,0.234375,0.24479166666666666,114,160,576,0.4479166666666667,0.4565972222222222
eal,3,192,185,5,2,0.9635416666666666,0.9739583333333334,2,160,576,0.9774305555555556,0.9826388888888888
ordinary,4,192,57,133,2,0.296875,0.3072916666666667,88,160,768,0.41015625,0.4192708333333333
eal,4,192,188,3,1,0.9791666666666666,0.984375,0,160,768,0.9778645833333334,0.9830729166666666
ordinary,5,192,61,129,2,0.3177083333333333,0.328125,79,160,960,0.39166666666666666,0.4010416666666667
eal,5,192,186,4,2,0.96875,0.9791666666666666,1,160,960,0.9760416666666667,0.9822916666666667
ordinary,6,192,85,106,1,0.4427083333333333,0.4479166666666667,34,64,1152,0.4001736111111111,0.4088541666666667
eal,6,192,188,3,1,0.9791666666666666,0.984375,0,64,1152,0.9765625,0.9826388888888888
ordinary,7,192,86,106,0,0.4479166666666667,0.4479166666666667,32,64,1344,0.4069940476190476,0.41443452380952384
eal,7,192,187,4,1,0.9739583333333334,0.9791666666666666,0,64,1344,0.9761904761904762,0.9821428571428571
ordinary,8,192,61,131,0,0.3177083333333333,0.3177083333333333,60,128,1536,0.3958333333333333,0.40234375
eal,8,192,186,4,2,0.96875,0.9791666666666666,0,128,1536,0.9752604166666666,0.9817708333333334
ordinary,9,192,65,127,0,0.3385416666666667,0.3385416666666667,58,128,1728,0.3894675925925926,0.39525462962962965
eal,9,192,178,12,2,0.9270833333333334,0.9375,1,128,1728,0.9699074074074074,0.9768518518518519
ordinary,10,192,66,126,0,0.34375,0.34375,59,128,1920,0.3848958333333333,0.39010416666666664
eal,10,192,190,1,1,0.9895833333333334,0.9947916666666666,1,128,1920,0.971875,0.9786458333333333
