condition_id,oracle,finalized_attempts,absent_to_correct,absent_to_incorrect_complete,absent_to_incomplete,correct_to_correct,correct_to_incorrect_complete,correct_to_incomplete,incorrect_to_correct,incorrect_to_incorrect_complete,incorrect_to_incomplete
eal_correct_answer,full_information,10,0,0,0,10,0,0,0,0,0
eal_correct_answer,available_information,10,0,0,0,2,0,0,0,8,0
eal_correct_answer_raw,full_information,10,0,0,0,2,6,2,0,0,0
eal_correct_answer_raw,available_information,10,0,0,0,2,6,2,0,0,0
eal_correct_answer_irrelevant,full_information,10,0,0,0,6,3,1,0,0,0
eal_correct_answer_irrelevant,available_information,10,0,0,0,0,1,1,0,8,0
eal_correct_answer_assessed,full_information,10,0,0,0,8,0,2,0,0,0
eal_correct_answer_assessed,available_information,10,0,0,0,8,0,2,0,0,0
eal_incorrect_answer,full_information,10,0,0,0,0,0,0,0,10,0
eal_incorrect_answer,available_information,10,0,0,0,4,0,0,0,6,0
eal_incorrect_answer_raw,full_information,10,0,0,0,0,0,0,2,8,0
eal_incorrect_answer_raw,available_information,10,0,0,0,0,0,0,2,8,0
eal_incorrect_answer_irrelevant,full_information,10,0,0,0,0,0,0,2,6,2
eal_incorrect_answer_irrelevant,available_information,10,0,0,0,3,1,0,0,4,2
eal_incorrect_answer_assessed,full_information,10,0,0,0,0,0,0,7,2,1
eal_incorrect_answer_assessed,available_information,10,0,0,0,0,0,0,7,2,1
eal_raw_only,full_information,10,4,6,0,0,0,0,0,0,0
eal_raw_only,available_information,10,4,6,0,0,0,0,0,0,0
json_correct_answer,full_information,10,0,0,0,9,0,1,0,0,0
json_correct_answer,available_information,10,0,0,0,2,0,0,0,7,1
json_correct_answer_raw,full_information,10,0,0,0,7,2,1,0,0,0
json_correct_answer_raw,available_information,10,0,0,0,7,2,1,0,0,0
json_correct_answer_irrelevant,full_information,10,0,0,0,6,2,2,0,0,0
json_correct_answer_irrelevant,available_information,10,0,0,0,0,2,0,0,6,2
json_correct_answer_assessed,full_information,10,0,0,0,8,0,2,0,0,0
json_correct_answer_assessed,available_information,10,0,0,0,8,0,2,0,0,0
json_incorrect_answer,full_information,10,0,0,0,0,0,0,2,8,0
json_incorrect_answer,available_information,10,0,0,0,4,0,0,0,6,0
json_incorrect_answer_raw,full_information,10,0,0,0,0,0,0,5,4,1
json_incorrect_answer_raw,available_information,10,0,0,0,0,0,0,5,4,1
json_incorrect_answer_irrelevant,full_information,10,0,0,0,0,0,0,3,6,1
json_incorrect_answer_irrelevant,available_information,10,0,0,0,0,3,1,0,6,0
json_incorrect_answer_assessed,full_information,10,0,0,0,0,0,0,8,2,0
json_incorrect_answer_assessed,available_information,10,0,0,0,0,0,0,8,2,0
json_raw_only,full_information,10,5,2,3,0,0,0,0,0,0
json_raw_only,available_information,10,5,2,3,0,0,0,0,0,0
