id,notation,candidate_quality,information,scheduled,finalized_attempts,uncertain_attempts,missing_scheduled,complete_responses,malformed_responses,provider_errors,provider_errors_length,oracle,correctness_count,correctness_denominator,correctness_rate,false_support_count,false_support_denominator,false_support_rate,damage_count,damage_denominator,damage_rate,correction_count,correction_denominator,correction_rate,known_cost_usd,cost_known_attempts,cost_unknown_attempts,cost_complete_for_attempted,attempted_cost_usd,model_verified_attempts,input_tokens_known_total,input_tokens_known_attempts,input_tokens_unknown_attempts,input_tokens_complete_for_attempted,output_tokens_known_total,output_tokens_known_attempts,output_tokens_unknown_attempts,output_tokens_complete_for_attempted,cached_input_tokens_known_total,cached_input_tokens_known_attempts,cached_input_tokens_unknown_attempts,cached_input_tokens_complete_for_attempted,reasoning_tokens_known_total,reasoning_tokens_known_attempts,reasoning_tokens_unknown_attempts,reasoning_tokens_complete_for_attempted
eal_correct_answer,eal,correct,answer,10,10,0,0,10,0,0,0,full_information,10,10,1.0,0,10,0.0,0,10,0.0,0,0,,0.0034512,10,0,True,0.0034512,10,104248,10,0,True,1622,10,0,True,101632,10,0,True,0,10,0,True
eal_correct_answer,eal,correct,answer,10,10,0,0,10,0,0,0,available_information,2,10,0.2,8,10,0.8,0,2,0.0,0,8,0.0,0.0034512,10,0,True,0.0034512,10,104248,10,0,True,1622,10,0,True,101632,10,0,True,0,10,0,True
eal_correct_answer_raw,eal,correct,answer_raw,10,10,0,0,8,2,0,0,full_information,2,10,0.2,4,10,0.4,8,10,0.8,0,0,,0.0035314,10,0,True,0.0035314,10,106082,10,0,True,1532,10,0,True,102528,10,0,True,0,10,0,True
eal_correct_answer_raw,eal,correct,answer_raw,10,10,0,0,8,2,0,0,available_information,2,10,0.2,4,10,0.4,8,10,0.8,0,0,,0.0035314,10,0,True,0.0035314,10,106082,10,0,True,1532,10,0,True,102528,10,0,True,0,10,0,True
eal_correct_answer_irrelevant,eal,correct,answer_irrelevant,10,10,0,0,9,0,1,1,full_information,6,10,0.6,1,10,0.1,4,10,0.4,0,0,,0.0043702,10,0,True,0.0043702,10,106082,10,0,True,3437,10,0,True,101504,10,0,True,0,10,0,True
eal_correct_answer_irrelevant,eal,correct,answer_irrelevant,10,10,0,0,9,0,1,1,available_information,0,10,0.0,7,10,0.7,2,2,1.0,0,8,0.0,0.0043702,10,0,True,0.0043702,10,106082,10,0,True,3437,10,0,True,101504,10,0,True,0,10,0,True
eal_correct_answer_assessed,eal,correct,answer_assessed,10,10,0,0,8,2,0,0,full_information,8,10,0.8,0,10,0.0,2,10,0.2,0,0,,0.004351,10,0,True,0.004351,10,106262,10,0,True,1568,10,0,True,92032,10,0,True,0,10,0,True
eal_correct_answer_assessed,eal,correct,answer_assessed,10,10,0,0,8,2,0,0,available_information,8,10,0.8,0,10,0.0,2,10,0.2,0,0,,0.004351,10,0,True,0.004351,10,106262,10,0,True,1568,10,0,True,92032,10,0,True,0,10,0,True
eal_incorrect_answer,eal,incorrect,answer,10,10,0,0,10,0,0,0,full_information,0,10,0.0,2,10,0.2,0,0,,0,10,0.0,0.0036812000000000004,10,0,True,0.0036812000000000004,10,104252,10,0,True,1908,10,0,True,100096,10,0,True,0,10,0,True
eal_incorrect_answer,eal,incorrect,answer,10,10,0,0,10,0,0,0,available_information,4,10,0.4,2,10,0.2,0,4,0.0,0,6,0.0,0.0036812000000000004,10,0,True,0.0036812000000000004,10,104252,10,0,True,1908,10,0,True,100096,10,0,True,0,10,0,True
eal_incorrect_answer_raw,eal,incorrect,answer_raw,10,10,0,0,10,0,0,0,full_information,2,10,0.2,4,10,0.4,0,0,,2,10,0.2,0.0035966000000000006,10,0,True,0.0035966000000000006,10,106086,10,0,True,1646,10,0,True,102272,10,0,True,0,10,0,True
eal_incorrect_answer_raw,eal,incorrect,answer_raw,10,10,0,0,10,0,0,0,available_information,2,10,0.2,4,10,0.4,0,0,,2,10,0.2,0.0035966000000000006,10,0,True,0.0035966000000000006,10,106086,10,0,True,1646,10,0,True,102272,10,0,True,0,10,0,True
eal_incorrect_answer_irrelevant,eal,incorrect,answer_irrelevant,10,10,0,0,8,2,0,0,full_information,2,10,0.2,1,10,0.1,0,0,,2,10,0.2,0.0036306000000000003,10,0,True,0.0036306000000000003,10,106086,10,0,True,1731,10,0,True,102272,10,0,True,0,10,0,True
eal_incorrect_answer_irrelevant,eal,incorrect,answer_irrelevant,10,10,0,0,8,2,0,0,available_information,3,10,0.3,3,10,0.3,1,4,0.25,0,6,0.0,0.0036306000000000003,10,0,True,0.0036306000000000003,10,106086,10,0,True,1731,10,0,True,102272,10,0,True,0,10,0,True
eal_incorrect_answer_assessed,eal,incorrect,answer_assessed,10,10,0,0,9,1,0,0,full_information,7,10,0.7,0,10,0.0,0,0,,7,10,0.7,0.0035758000000000005,10,0,True,0.0035758000000000005,10,106266,10,0,True,1621,10,0,True,102656,10,0,True,0,10,0,True
eal_incorrect_answer_assessed,eal,incorrect,answer_assessed,10,10,0,0,9,1,0,0,available_information,7,10,0.7,0,10,0.0,0,0,,7,10,0.7,0.0035758000000000005,10,0,True,0.0035758000000000005,10,106266,10,0,True,1621,10,0,True,102656,10,0,True,0,10,0,True
eal_raw_only,eal,absent,raw_only,10,10,0,0,10,0,0,0,full_information,4,10,0.4,4,10,0.4,0,0,,0,0,,0.0035800000000000003,10,0,True,0.0035800000000000003,10,105872,10,0,True,1778,10,0,True,102912,10,0,True,0,10,0,True
eal_raw_only,eal,absent,raw_only,10,10,0,0,10,0,0,0,available_information,4,10,0.4,4,10,0.4,0,0,,0,0,,0.0035800000000000003,10,0,True,0.0035800000000000003,10,105872,10,0,True,1778,10,0,True,102912,10,0,True,0,10,0,True
json_correct_answer,json,correct,answer,10,10,0,0,9,1,0,0,full_information,9,10,0.9,0,10,0.0,1,10,0.1,0,0,,0.0034914,10,0,True,0.0034914,10,106178,10,0,True,1432,10,0,True,102656,10,0,True,0,10,0,True
json_correct_answer,json,correct,answer,10,10,0,0,9,1,0,0,available_information,2,10,0.2,7,10,0.7,0,2,0.0,0,8,0.0,0.0034914,10,0,True,0.0034914,10,106178,10,0,True,1432,10,0,True,102656,10,0,True,0,10,0,True
json_correct_answer_raw,json,correct,answer_raw,10,10,0,0,9,1,0,0,full_information,7,10,0.7,2,10,0.2,3,10,0.3,0,0,,0.0036164000000000005,10,0,True,0.0036164000000000005,10,108012,10,0,True,1454,10,0,True,103552,10,0,True,0,10,0,True
json_correct_answer_raw,json,correct,answer_raw,10,10,0,0,9,1,0,0,available_information,7,10,0.7,2,10,0.2,3,10,0.3,0,0,,0.0036164000000000005,10,0,True,0.0036164000000000005,10,108012,10,0,True,1454,10,0,True,103552,10,0,True,0,10,0,True
json_correct_answer_irrelevant,json,correct,answer_irrelevant,10,10,0,0,8,2,0,0,full_information,6,10,0.6,2,10,0.2,4,10,0.4,0,0,,0.00355,10,0,True,0.00355,10,108012,10,0,True,1264,10,0,True,103424,10,0,True,0,10,0,True
json_correct_answer_irrelevant,json,correct,answer_irrelevant,10,10,0,0,8,2,0,0,available_information,0,10,0.0,8,10,0.8,2,2,1.0,0,8,0.0,0.00355,10,0,True,0.00355,10,108012,10,0,True,1264,10,0,True,103424,10,0,True,0,10,0,True
json_correct_answer_assessed,json,correct,answer_assessed,10,10,0,0,8,2,0,0,full_information,8,10,0.8,0,10,0.0,2,10,0.2,0,0,,0.0036504000000000003,10,0,True,0.0036504000000000003,10,108192,10,0,True,1518,10,0,True,103680,10,0,True,0,10,0,True
json_correct_answer_assessed,json,correct,answer_assessed,10,10,0,0,8,2,0,0,available_information,8,10,0.8,0,10,0.0,2,10,0.2,0,0,,0.0036504000000000003,10,0,True,0.0036504000000000003,10,108192,10,0,True,1518,10,0,True,103680,10,0,True,0,10,0,True
json_incorrect_answer,json,incorrect,answer,10,10,0,0,10,0,0,0,full_information,2,10,0.2,3,10,0.3,0,0,,2,10,0.2,0.0037010000000000003,10,0,True,0.0037010000000000003,10,106182,10,0,True,1667,10,0,True,101120,10,0,True,0,10,0,True
json_incorrect_answer,json,incorrect,answer,10,10,0,0,10,0,0,0,available_information,4,10,0.4,5,10,0.5,0,4,0.0,0,6,0.0,0.0037010000000000003,10,0,True,0.0037010000000000003,10,106182,10,0,True,1667,10,0,True,101120,10,0,True,0,10,0,True
json_incorrect_answer_raw,json,incorrect,answer_raw,10,10,0,0,9,1,0,0,full_information,5,10,0.5,4,10,0.4,0,0,,5,10,0.5,0.0034612,10,0,True,0.0034612,10,108016,10,0,True,1305,10,0,True,104832,10,0,True,0,10,0,True
json_incorrect_answer_raw,json,incorrect,answer_raw,10,10,0,0,9,1,0,0,available_information,5,10,0.5,4,10,0.4,0,0,,5,10,0.5,0.0034612,10,0,True,0.0034612,10,108016,10,0,True,1305,10,0,True,104832,10,0,True,0,10,0,True
json_incorrect_answer_irrelevant,json,incorrect,answer_irrelevant,10,10,0,0,9,1,0,0,full_information,3,10,0.3,4,10,0.4,0,0,,3,10,0.3,0.0036384000000000004,10,0,True,0.0036384000000000004,10,108016,10,0,True,1316,10,0,True,102528,10,0,True,0,10,0,True
json_incorrect_answer_irrelevant,json,incorrect,answer_irrelevant,10,10,0,0,9,1,0,0,available_information,0,10,0.0,8,10,0.8,4,4,1.0,0,6,0.0,0.0036384000000000004,10,0,True,0.0036384000000000004,10,108016,10,0,True,1316,10,0,True,102528,10,0,True,0,10,0,True
json_incorrect_answer_assessed,json,incorrect,answer_assessed,10,10,0,0,10,0,0,0,full_information,8,10,0.8,1,10,0.1,0,0,,8,10,0.8,0.0036496000000000002,10,0,True,0.0036496000000000002,10,108196,10,0,True,1515,10,0,True,103680,10,0,True,0,10,0,True
json_incorrect_answer_assessed,json,incorrect,answer_assessed,10,10,0,0,10,0,0,0,available_information,8,10,0.8,1,10,0.1,0,0,,8,10,0.8,0.0036496000000000002,10,0,True,0.0036496000000000002,10,108196,10,0,True,1515,10,0,True,103680,10,0,True,0,10,0,True
json_raw_only,json,absent,raw_only,10,10,0,0,7,3,0,0,full_information,5,10,0.5,2,10,0.2,0,0,,0,0,,0.0035474,10,0,True,0.0035474,10,107802,10,0,True,1502,10,0,True,104448,10,0,True,0,10,0,True
json_raw_only,json,absent,raw_only,10,10,0,0,7,3,0,0,available_information,5,10,0.5,2,10,0.2,0,0,,0,0,,0.0035474,10,0,True,0.0035474,10,107802,10,0,True,1502,10,0,True,104448,10,0,True,0,10,0,True
