task_id,family,id,notation,candidate_quality,information,scheduled,finalized_attempts,uncertain_attempts,missing_scheduled,complete_responses,malformed_responses,provider_errors,provider_errors_length,oracle,correctness_count,correctness_denominator,correctness_rate,false_support_count,false_support_denominator,false_support_rate,damage_count,damage_denominator,damage_rate,correction_count,correction_denominator,correction_rate,known_cost_usd,cost_known_attempts,cost_unknown_attempts,cost_complete_for_attempted,attempted_cost_usd,model_verified_attempts,input_tokens_known_total,input_tokens_known_attempts,input_tokens_unknown_attempts,input_tokens_complete_for_attempted,output_tokens_known_total,output_tokens_known_attempts,output_tokens_unknown_attempts,output_tokens_complete_for_attempted,cached_input_tokens_known_total,cached_input_tokens_known_attempts,cached_input_tokens_unknown_attempts,cached_input_tokens_complete_for_attempted,reasoning_tokens_known_total,reasoning_tokens_known_attempts,reasoning_tokens_unknown_attempts,reasoning_tokens_complete_for_attempted
defence-cannot-ground-itself,defence_composition,eal_correct_answer,eal,correct,answer,2,2,0,0,2,0,0,0,full_information,2,2,1.0,0,2,0.0,0,2,0.0,0,0,,0.0006460000000000001,2,0,True,0.0006460000000000001,2,21028,2,0,True,198,2,0,True,20480,2,0,True,0,2,0,True
defence-cannot-ground-itself,defence_composition,eal_correct_answer,eal,correct,answer,2,2,0,0,2,0,0,0,available_information,0,2,0.0,2,2,1.0,0,0,,0,2,0.0,0.0006460000000000001,2,0,True,0.0006460000000000001,2,21028,2,0,True,198,2,0,True,20480,2,0,True,0,2,0,True
defence-with-independent-subargument,defence_composition,eal_correct_answer,eal,correct,answer,2,2,0,0,2,0,0,0,full_information,2,2,1.0,0,2,0.0,0,2,0.0,0,0,,0.0006498000000000001,2,0,True,0.0006498000000000001,2,21026,2,0,True,208,2,0,True,20480,2,0,True,0,2,0,True
defence-with-independent-subargument,defence_composition,eal_correct_answer,eal,correct,answer,2,2,0,0,2,0,0,0,available_information,0,2,0.0,2,2,1.0,0,0,,0,2,0.0,0.0006498000000000001,2,0,True,0.0006498000000000001,2,21026,2,0,True,208,2,0,True,20480,2,0,True,0,2,0,True
registered-rms-velocity,registered_method,eal_correct_answer,eal,correct,answer,2,2,0,0,2,0,0,0,full_information,2,2,1.0,0,2,0.0,0,2,0.0,0,0,,0.0007242000000000001,2,0,True,0.0007242000000000001,2,20706,2,0,True,426,2,0,True,20224,2,0,True,0,2,0,True
registered-rms-velocity,registered_method,eal_correct_answer,eal,correct,answer,2,2,0,0,2,0,0,0,available_information,0,2,0.0,2,2,1.0,0,0,,0,2,0.0,0.0007242000000000001,2,0,True,0.0007242000000000001,2,20706,2,0,True,426,2,0,True,20224,2,0,True,0,2,0,True
registered-rms-wrong-origin,registered_method,eal_correct_answer,eal,correct,answer,2,2,0,0,2,0,0,0,full_information,2,2,1.0,0,2,0.0,0,2,0.0,0,0,,0.0007570000000000001,2,0,True,0.0007570000000000001,2,20706,2,0,True,508,2,0,True,20224,2,0,True,0,2,0,True
registered-rms-wrong-origin,registered_method,eal_correct_answer,eal,correct,answer,2,2,0,0,2,0,0,0,available_information,2,2,1.0,0,2,0.0,0,2,0.0,0,0,,0.0007570000000000001,2,0,True,0.0007570000000000001,2,20706,2,0,True,508,2,0,True,20224,2,0,True,0,2,0,True
sampled-negative-finding,typed_negative_finding,eal_correct_answer,eal,correct,answer,2,2,0,0,2,0,0,0,full_information,2,2,1.0,0,2,0.0,0,2,0.0,0,0,,0.0006742,2,0,True,0.0006742,2,20782,2,0,True,282,2,0,True,20224,2,0,True,0,2,0,True
sampled-negative-finding,typed_negative_finding,eal_correct_answer,eal,correct,answer,2,2,0,0,2,0,0,0,available_information,0,2,0.0,2,2,1.0,0,0,,0,2,0.0,0.0006742,2,0,True,0.0006742,2,20782,2,0,True,282,2,0,True,20224,2,0,True,0,2,0,True
defence-cannot-ground-itself,defence_composition,eal_correct_answer_raw,eal,correct,answer_raw,2,2,0,0,2,0,0,0,full_information,0,2,0.0,2,2,1.0,2,2,1.0,0,0,,0.0006536000000000001,2,0,True,0.0006536000000000001,2,21360,2,0,True,230,2,0,True,20992,2,0,True,0,2,0,True
defence-cannot-ground-itself,defence_composition,eal_correct_answer_raw,eal,correct,answer_raw,2,2,0,0,2,0,0,0,available_information,0,2,0.0,2,2,1.0,2,2,1.0,0,0,,0.0006536000000000001,2,0,True,0.0006536000000000001,2,21360,2,0,True,230,2,0,True,20992,2,0,True,0,2,0,True
defence-with-independent-subargument,defence_composition,eal_correct_answer_raw,eal,correct,answer_raw,2,2,0,0,2,0,0,0,full_information,2,2,1.0,0,2,0.0,0,2,0.0,0,0,,0.0006686,2,0,True,0.0006686,2,21358,2,0,True,196,2,0,True,20608,2,0,True,0,2,0,True
defence-with-independent-subargument,defence_composition,eal_correct_answer_raw,eal,correct,answer_raw,2,2,0,0,2,0,0,0,available_information,2,2,1.0,0,2,0.0,0,2,0.0,0,0,,0.0006686,2,0,True,0.0006686,2,21358,2,0,True,196,2,0,True,20608,2,0,True,0,2,0,True
registered-rms-velocity,registered_method,eal_correct_answer_raw,eal,correct,answer_raw,2,2,0,0,0,2,0,0,full_information,0,2,0.0,0,2,0.0,2,2,1.0,0,0,,0.000736,2,0,True,0.000736,2,21040,2,0,True,420,2,0,True,20480,2,0,True,0,2,0,True
registered-rms-velocity,registered_method,eal_correct_answer_raw,eal,correct,answer_raw,2,2,0,0,0,2,0,0,available_information,0,2,0.0,0,2,0.0,2,2,1.0,0,0,,0.000736,2,0,True,0.000736,2,21040,2,0,True,420,2,0,True,20480,2,0,True,0,2,0,True
registered-rms-wrong-origin,registered_method,eal_correct_answer_raw,eal,correct,answer_raw,2,2,0,0,2,0,0,0,full_information,0,2,0.0,2,2,1.0,2,2,1.0,0,0,,0.0006912000000000001,2,0,True,0.0006912000000000001,2,21044,2,0,True,259,2,0,True,20224,2,0,True,0,2,0,True
registered-rms-wrong-origin,registered_method,eal_correct_answer_raw,eal,correct,answer_raw,2,2,0,0,2,0,0,0,available_information,0,2,0.0,2,2,1.0,2,2,1.0,0,0,,0.0006912000000000001,2,0,True,0.0006912000000000001,2,21044,2,0,True,259,2,0,True,20224,2,0,True,0,2,0,True
sampled-negative-finding,typed_negative_finding,eal_correct_answer_raw,eal,correct,answer_raw,2,2,0,0,2,0,0,0,full_information,0,2,0.0,0,2,0.0,2,2,1.0,0,0,,0.000782,2,0,True,0.000782,2,21280,2,0,True,427,2,0,True,20224,2,0,True,0,2,0,True
sampled-negative-finding,typed_negative_finding,eal_correct_answer_raw,eal,correct,answer_raw,2,2,0,0,2,0,0,0,available_information,0,2,0.0,0,2,0.0,2,2,1.0,0,0,,0.000782,2,0,True,0.000782,2,21280,2,0,True,427,2,0,True,20224,2,0,True,0,2,0,True
defence-cannot-ground-itself,defence_composition,eal_correct_answer_irrelevant,eal,correct,answer_irrelevant,2,2,0,0,2,0,0,0,full_information,2,2,1.0,0,2,0.0,0,2,0.0,0,0,,0.0007392,2,0,True,0.0007392,2,21360,2,0,True,180,2,0,True,19584,2,0,True,0,2,0,True
defence-cannot-ground-itself,defence_composition,eal_correct_answer_irrelevant,eal,correct,answer_irrelevant,2,2,0,0,2,0,0,0,available_information,0,2,0.0,2,2,1.0,0,0,,0,2,0.0,0.0007392,2,0,True,0.0007392,2,21360,2,0,True,180,2,0,True,19584,2,0,True,0,2,0,True
defence-with-independent-subargument,defence_composition,eal_correct_answer_irrelevant,eal,correct,answer_irrelevant,2,2,0,0,2,0,0,0,full_information,2,2,1.0,0,2,0.0,0,2,0.0,0,0,,0.0006866000000000001,2,0,True,0.0006866000000000001,2,21358,2,0,True,313,2,0,True,20992,2,0,True,0,2,0,True
defence-with-independent-subargument,defence_composition,eal_correct_answer_irrelevant,eal,correct,answer_irrelevant,2,2,0,0,2,0,0,0,available_information,0,2,0.0,2,2,1.0,0,0,,0,2,0.0,0.0006866000000000001,2,0,True,0.0006866000000000001,2,21358,2,0,True,313,2,0,True,20992,2,0,True,0,2,0,True
registered-rms-velocity,registered_method,eal_correct_answer_irrelevant,eal,correct,answer_irrelevant,2,2,0,0,2,0,0,0,full_information,2,2,1.0,0,2,0.0,0,2,0.0,0,0,,0.0007116,2,0,True,0.0007116,2,21040,2,0,True,359,2,0,True,20480,2,0,True,0,2,0,True
registered-rms-velocity,registered_method,eal_correct_answer_irrelevant,eal,correct,answer_irrelevant,2,2,0,0,2,0,0,0,available_information,0,2,0.0,2,2,1.0,0,0,,0,2,0.0,0.0007116,2,0,True,0.0007116,2,21040,2,0,True,359,2,0,True,20480,2,0,True,0,2,0,True
registered-rms-wrong-origin,registered_method,eal_correct_answer_irrelevant,eal,correct,answer_irrelevant,2,2,0,0,1,0,1,1,full_information,0,2,0.0,1,2,0.5,2,2,1.0,0,0,,0.0014792000000000002,2,0,True,0.0014792000000000002,2,21044,2,0,True,2229,2,0,True,20224,2,0,True,0,2,0,True
registered-rms-wrong-origin,registered_method,eal_correct_answer_irrelevant,eal,correct,answer_irrelevant,2,2,0,0,1,0,1,1,available_information,0,2,0.0,1,2,0.5,2,2,1.0,0,0,,0.0014792000000000002,2,0,True,0.0014792000000000002,2,21044,2,0,True,2229,2,0,True,20224,2,0,True,0,2,0,True
sampled-negative-finding,typed_negative_finding,eal_correct_answer_irrelevant,eal,correct,answer_irrelevant,2,2,0,0,2,0,0,0,full_information,0,2,0.0,0,2,0.0,2,2,1.0,0,0,,0.0007536000000000001,2,0,True,0.0007536000000000001,2,21280,2,0,True,356,2,0,True,20224,2,0,True,0,2,0,True
sampled-negative-finding,typed_negative_finding,eal_correct_answer_irrelevant,eal,correct,answer_irrelevant,2,2,0,0,2,0,0,0,available_information,0,2,0.0,0,2,0.0,0,0,,0,2,0.0,0.0007536000000000001,2,0,True,0.0007536000000000001,2,21280,2,0,True,356,2,0,True,20224,2,0,True,0,2,0,True
defence-cannot-ground-itself,defence_composition,eal_correct_answer_assessed,eal,correct,answer_assessed,2,2,0,0,2,0,0,0,full_information,2,2,1.0,0,2,0.0,0,2,0.0,0,0,,0.0006398,2,0,True,0.0006398,2,21402,2,0,True,185,2,0,True,20992,2,0,True,0,2,0,True
defence-cannot-ground-itself,defence_composition,eal_correct_answer_assessed,eal,correct,answer_assessed,2,2,0,0,2,0,0,0,available_information,2,2,1.0,0,2,0.0,0,2,0.0,0,0,,0.0006398,2,0,True,0.0006398,2,21402,2,0,True,185,2,0,True,20992,2,0,True,0,2,0,True
defence-with-independent-subargument,defence_composition,eal_correct_answer_assessed,eal,correct,answer_assessed,2,2,0,0,1,1,0,0,full_information,1,2,0.5,0,2,0.0,1,2,0.5,0,0,,0.0007426,2,0,True,0.0007426,2,21398,2,0,True,443,2,0,True,20992,2,0,True,0,2,0,True
defence-with-independent-subargument,defence_composition,eal_correct_answer_assessed,eal,correct,answer_assessed,2,2,0,0,1,1,0,0,available_information,1,2,0.5,0,2,0.0,1,2,0.5,0,0,,0.0007426,2,0,True,0.0007426,2,21398,2,0,True,443,2,0,True,20992,2,0,True,0,2,0,True
registered-rms-velocity,registered_method,eal_correct_answer_assessed,eal,correct,answer_assessed,2,2,0,0,2,0,0,0,full_information,2,2,1.0,0,2,0.0,0,2,0.0,0,0,,0.0006796,2,0,True,0.0006796,2,21072,2,0,True,271,2,0,True,20480,2,0,True,0,2,0,True
registered-rms-velocity,registered_method,eal_correct_answer_assessed,eal,correct,answer_assessed,2,2,0,0,2,0,0,0,available_information,2,2,1.0,0,2,0.0,0,2,0.0,0,0,,0.0006796,2,0,True,0.0006796,2,21072,2,0,True,271,2,0,True,20480,2,0,True,0,2,0,True
registered-rms-wrong-origin,registered_method,eal_correct_answer_assessed,eal,correct,answer_assessed,2,2,0,0,2,0,0,0,full_information,2,2,1.0,0,2,0.0,0,2,0.0,0,0,,0.0007328,2,0,True,0.0007328,2,21076,2,0,True,211,2,0,True,19456,2,0,True,0,2,0,True
registered-rms-wrong-origin,registered_method,eal_correct_answer_assessed,eal,correct,answer_assessed,2,2,0,0,2,0,0,0,available_information,2,2,1.0,0,2,0.0,0,2,0.0,0,0,,0.0007328,2,0,True,0.0007328,2,21076,2,0,True,211,2,0,True,19456,2,0,True,0,2,0,True
sampled-negative-finding,typed_negative_finding,eal_correct_answer_assessed,eal,correct,answer_assessed,2,2,0,0,1,1,0,0,full_information,1,2,0.5,0,2,0.0,1,2,0.5,0,0,,0.0015562,2,0,True,0.0015562,2,21314,2,0,True,458,2,0,True,10112,2,0,True,0,2,0,True
sampled-negative-finding,typed_negative_finding,eal_correct_answer_assessed,eal,correct,answer_assessed,2,2,0,0,1,1,0,0,available_information,1,2,0.5,0,2,0.0,1,2,0.5,0,0,,0.0015562,2,0,True,0.0015562,2,21314,2,0,True,458,2,0,True,10112,2,0,True,0,2,0,True
defence-cannot-ground-itself,defence_composition,eal_incorrect_answer,eal,incorrect,answer,2,2,0,0,2,0,0,0,full_information,0,2,0.0,1,2,0.5,0,0,,0,2,0.0,0.0006774999999999999,2,0,True,0.0006774999999999999,2,21027,2,0,True,229,2,0,True,20224,2,0,True,0,2,0,True
defence-cannot-ground-itself,defence_composition,eal_incorrect_answer,eal,incorrect,answer,2,2,0,0,2,0,0,0,available_information,1,2,0.5,1,2,0.5,0,1,0.0,0,1,0.0,0.0006774999999999999,2,0,True,0.0006774999999999999,2,21027,2,0,True,229,2,0,True,20224,2,0,True,0,2,0,True
defence-with-independent-subargument,defence_composition,eal_incorrect_answer,eal,incorrect,answer,2,2,0,0,2,0,0,0,full_information,0,2,0.0,0,2,0.0,0,0,,0,2,0.0,0.0007536000000000001,2,0,True,0.0007536000000000001,2,21028,2,0,True,419,2,0,True,20224,2,0,True,0,2,0,True
defence-with-independent-subargument,defence_composition,eal_incorrect_answer,eal,incorrect,answer,2,2,0,0,2,0,0,0,available_information,1,2,0.5,0,2,0.0,0,1,0.0,0,1,0.0,0.0007536000000000001,2,0,True,0.0007536000000000001,2,21028,2,0,True,419,2,0,True,20224,2,0,True,0,2,0,True
registered-rms-velocity,registered_method,eal_incorrect_answer,eal,incorrect,answer,2,2,0,0,2,0,0,0,full_information,0,2,0.0,0,2,0.0,0,0,,0,2,0.0,0.0007519,2,0,True,0.0007519,2,20707,2,0,True,495,2,0,True,20224,2,0,True,0,2,0,True
registered-rms-velocity,registered_method,eal_incorrect_answer,eal,incorrect,answer,2,2,0,0,2,0,0,0,available_information,1,2,0.5,0,2,0.0,0,1,0.0,0,1,0.0,0.0007519,2,0,True,0.0007519,2,20707,2,0,True,495,2,0,True,20224,2,0,True,0,2,0,True
registered-rms-wrong-origin,registered_method,eal_incorrect_answer,eal,incorrect,answer,2,2,0,0,2,0,0,0,full_information,0,2,0.0,1,2,0.5,0,0,,0,2,0.0,0.0007467000000000001,2,0,True,0.0007467000000000001,2,20707,2,0,True,482,2,0,True,20224,2,0,True,0,2,0,True
registered-rms-wrong-origin,registered_method,eal_incorrect_answer,eal,incorrect,answer,2,2,0,0,2,0,0,0,available_information,0,2,0.0,1,2,0.5,0,0,,0,2,0.0,0.0007467000000000001,2,0,True,0.0007467000000000001,2,20707,2,0,True,482,2,0,True,20224,2,0,True,0,2,0,True
sampled-negative-finding,typed_negative_finding,eal_incorrect_answer,eal,incorrect,answer,2,2,0,0,2,0,0,0,full_information,0,2,0.0,0,2,0.0,0,0,,0,2,0.0,0.0007515,2,0,True,0.0007515,2,20783,2,0,True,283,2,0,True,19200,2,0,True,0,2,0,True
sampled-negative-finding,typed_negative_finding,eal_incorrect_answer,eal,incorrect,answer,2,2,0,0,2,0,0,0,available_information,1,2,0.5,0,2,0.0,0,1,0.0,0,1,0.0,0.0007515,2,0,True,0.0007515,2,20783,2,0,True,283,2,0,True,19200,2,0,True,0,2,0,True
defence-cannot-ground-itself,defence_composition,eal_incorrect_answer_raw,eal,incorrect,answer_raw,2,2,0,0,2,0,0,0,full_information,0,2,0.0,2,2,1.0,0,0,,0,2,0.0,0.0007287000000000001,2,0,True,0.0007287000000000001,2,21359,2,0,True,346,2,0,True,20608,2,0,True,0,2,0,True
defence-cannot-ground-itself,defence_composition,eal_incorrect_answer_raw,eal,incorrect,answer_raw,2,2,0,0,2,0,0,0,available_information,0,2,0.0,2,2,1.0,0,0,,0,2,0.0,0.0007287000000000001,2,0,True,0.0007287000000000001,2,21359,2,0,True,346,2,0,True,20608,2,0,True,0,2,0,True
defence-with-independent-subargument,defence_composition,eal_incorrect_answer_raw,eal,incorrect,answer_raw,2,2,0,0,2,0,0,0,full_information,0,2,0.0,0,2,0.0,0,0,,0,2,0.0,0.0006452000000000001,2,0,True,0.0006452000000000001,2,21360,2,0,True,209,2,0,True,20992,2,0,True,0,2,0,True
defence-with-independent-subargument,defence_composition,eal_incorrect_answer_raw,eal,incorrect,answer_raw,2,2,0,0,2,0,0,0,available_information,0,2,0.0,0,2,0.0,0,0,,0,2,0.0,0.0006452000000000001,2,0,True,0.0006452000000000001,2,21360,2,0,True,209,2,0,True,20992,2,0,True,0,2,0,True
registered-rms-velocity,registered_method,eal_incorrect_answer_raw,eal,incorrect,answer_raw,2,2,0,0,2,0,0,0,full_information,2,2,1.0,0,2,0.0,0,0,,2,2,1.0,0.0007165000000000001,2,0,True,0.0007165000000000001,2,21041,2,0,True,323,2,0,True,20224,2,0,True,0,2,0,True
registered-rms-velocity,registered_method,eal_incorrect_answer_raw,eal,incorrect,answer_raw,2,2,0,0,2,0,0,0,available_information,2,2,1.0,0,2,0.0,0,0,,2,2,1.0,0.0007165000000000001,2,0,True,0.0007165000000000001,2,21041,2,0,True,323,2,0,True,20224,2,0,True,0,2,0,True
registered-rms-wrong-origin,registered_method,eal_incorrect_answer_raw,eal,incorrect,answer_raw,2,2,0,0,2,0,0,0,full_information,0,2,0.0,2,2,1.0,0,0,,0,2,0.0,0.0007181000000000002,2,0,True,0.0007181000000000002,2,21045,2,0,True,326,2,0,True,20224,2,0,True,0,2,0,True
registered-rms-wrong-origin,registered_method,eal_incorrect_answer_raw,eal,incorrect,answer_raw,2,2,0,0,2,0,0,0,available_information,0,2,0.0,2,2,1.0,0,0,,0,2,0.0,0.0007181000000000002,2,0,True,0.0007181000000000002,2,21045,2,0,True,326,2,0,True,20224,2,0,True,0,2,0,True
sampled-negative-finding,typed_negative_finding,eal_incorrect_answer_raw,eal,incorrect,answer_raw,2,2,0,0,2,0,0,0,full_information,0,2,0.0,0,2,0.0,0,0,,0,2,0.0,0.0007881000000000001,2,0,True,0.0007881000000000001,2,21281,2,0,True,442,2,0,True,20224,2,0,True,0,2,0,True
sampled-negative-finding,typed_negative_finding,eal_incorrect_answer_raw,eal,incorrect,answer_raw,2,2,0,0,2,0,0,0,available_information,0,2,0.0,0,2,0.0,0,0,,0,2,0.0,0.0007881000000000001,2,0,True,0.0007881000000000001,2,21281,2,0,True,442,2,0,True,20224,2,0,True,0,2,0,True
defence-cannot-ground-itself,defence_composition,eal_incorrect_answer_irrelevant,eal,incorrect,answer_irrelevant,2,2,0,0,2,0,0,0,full_information,0,2,0.0,1,2,0.5,0,0,,0,2,0.0,0.0006647000000000001,2,0,True,0.0006647000000000001,2,21359,2,0,True,258,2,0,True,20992,2,0,True,0,2,0,True
defence-cannot-ground-itself,defence_composition,eal_incorrect_answer_irrelevant,eal,incorrect,answer_irrelevant,2,2,0,0,2,0,0,0,available_information,1,2,0.5,1,2,0.5,0,1,0.0,0,1,0.0,0.0006647000000000001,2,0,True,0.0006647000000000001,2,21359,2,0,True,258,2,0,True,20992,2,0,True,0,2,0,True
defence-with-independent-subargument,defence_composition,eal_incorrect_answer_irrelevant,eal,incorrect,answer_irrelevant,2,2,0,0,1,1,0,0,full_information,0,2,0.0,0,2,0.0,0,0,,0,2,0.0,0.000702,2,0,True,0.000702,2,21360,2,0,True,279,2,0,True,20608,2,0,True,0,2,0,True
defence-with-independent-subargument,defence_composition,eal_incorrect_answer_irrelevant,eal,incorrect,answer_irrelevant,2,2,0,0,1,1,0,0,available_information,1,2,0.5,0,2,0.0,0,1,0.0,0,1,0.0,0.000702,2,0,True,0.000702,2,21360,2,0,True,279,2,0,True,20608,2,0,True,0,2,0,True
registered-rms-velocity,registered_method,eal_incorrect_answer_irrelevant,eal,incorrect,answer_irrelevant,2,2,0,0,2,0,0,0,full_information,2,2,1.0,0,2,0.0,0,0,,2,2,1.0,0.0007657,2,0,True,0.0007657,2,21041,2,0,True,446,2,0,True,20224,2,0,True,0,2,0,True
registered-rms-velocity,registered_method,eal_incorrect_answer_irrelevant,eal,incorrect,answer_irrelevant,2,2,0,0,2,0,0,0,available_information,0,2,0.0,2,2,1.0,1,1,1.0,0,1,0.0,0.0007657,2,0,True,0.0007657,2,21041,2,0,True,446,2,0,True,20224,2,0,True,0,2,0,True
registered-rms-wrong-origin,registered_method,eal_incorrect_answer_irrelevant,eal,incorrect,answer_irrelevant,2,2,0,0,1,1,0,0,full_information,0,2,0.0,0,2,0.0,0,0,,0,2,0.0,0.0007249,2,0,True,0.0007249,2,21045,2,0,True,343,2,0,True,20224,2,0,True,0,2,0,True
registered-rms-wrong-origin,registered_method,eal_incorrect_answer_irrelevant,eal,incorrect,answer_irrelevant,2,2,0,0,1,1,0,0,available_information,0,2,0.0,0,2,0.0,0,0,,0,2,0.0,0.0007249,2,0,True,0.0007249,2,21045,2,0,True,343,2,0,True,20224,2,0,True,0,2,0,True
sampled-negative-finding,typed_negative_finding,eal_incorrect_answer_irrelevant,eal,incorrect,answer_irrelevant,2,2,0,0,2,0,0,0,full_information,0,2,0.0,0,2,0.0,0,0,,0,2,0.0,0.0007733000000000001,2,0,True,0.0007733000000000001,2,21281,2,0,True,405,2,0,True,20224,2,0,True,0,2,0,True
sampled-negative-finding,typed_negative_finding,eal_incorrect_answer_irrelevant,eal,incorrect,answer_irrelevant,2,2,0,0,2,0,0,0,available_information,1,2,0.5,0,2,0.0,0,1,0.0,0,1,0.0,0.0007733000000000001,2,0,True,0.0007733000000000001,2,21281,2,0,True,405,2,0,True,20224,2,0,True,0,2,0,True
defence-cannot-ground-itself,defence_composition,eal_incorrect_answer_assessed,eal,incorrect,answer_assessed,2,2,0,0,2,0,0,0,full_information,2,2,1.0,0,2,0.0,0,0,,2,2,1.0,0.0006745000000000002,2,0,True,0.0006745000000000002,2,21401,2,0,True,200,2,0,True,20608,2,0,True,0,2,0,True
defence-cannot-ground-itself,defence_composition,eal_incorrect_answer_assessed,eal,incorrect,answer_assessed,2,2,0,0,2,0,0,0,available_information,2,2,1.0,0,2,0.0,0,0,,2,2,1.0,0.0006745000000000002,2,0,True,0.0006745000000000002,2,21401,2,0,True,200,2,0,True,20608,2,0,True,0,2,0,True
defence-with-independent-subargument,defence_composition,eal_incorrect_answer_assessed,eal,incorrect,answer_assessed,2,2,0,0,2,0,0,0,full_information,2,2,1.0,0,2,0.0,0,0,,2,2,1.0,0.0006812000000000001,2,0,True,0.0006812000000000001,2,21400,2,0,True,217,2,0,True,20608,2,0,True,0,2,0,True
defence-with-independent-subargument,defence_composition,eal_incorrect_answer_assessed,eal,incorrect,answer_assessed,2,2,0,0,2,0,0,0,available_information,2,2,1.0,0,2,0.0,0,0,,2,2,1.0,0.0006812000000000001,2,0,True,0.0006812000000000001,2,21400,2,0,True,217,2,0,True,20608,2,0,True,0,2,0,True
registered-rms-velocity,registered_method,eal_incorrect_answer_assessed,eal,incorrect,answer_assessed,2,2,0,0,1,1,0,0,full_information,1,2,0.5,0,2,0.0,0,0,,1,2,0.5,0.0007156999999999999,2,0,True,0.0007156999999999999,2,21073,2,0,True,409,2,0,True,20736,2,0,True,0,2,0,True
registered-rms-velocity,registered_method,eal_incorrect_answer_assessed,eal,incorrect,answer_assessed,2,2,0,0,1,1,0,0,available_information,1,2,0.5,0,2,0.0,0,0,,1,2,0.5,0.0007156999999999999,2,0,True,0.0007156999999999999,2,21073,2,0,True,409,2,0,True,20736,2,0,True,0,2,0,True
registered-rms-wrong-origin,registered_method,eal_incorrect_answer_assessed,eal,incorrect,answer_assessed,2,2,0,0,2,0,0,0,full_information,0,2,0.0,0,2,0.0,0,0,,0,2,0.0,0.0007189,2,0,True,0.0007189,2,21077,2,0,True,368,2,0,True,20480,2,0,True,0,2,0,True
registered-rms-wrong-origin,registered_method,eal_incorrect_answer_assessed,eal,incorrect,answer_assessed,2,2,0,0,2,0,0,0,available_information,0,2,0.0,0,2,0.0,0,0,,0,2,0.0,0.0007189,2,0,True,0.0007189,2,21077,2,0,True,368,2,0,True,20480,2,0,True,0,2,0,True
sampled-negative-finding,typed_negative_finding,eal_incorrect_answer_assessed,eal,incorrect,answer_assessed,2,2,0,0,2,0,0,0,full_information,2,2,1.0,0,2,0.0,0,0,,2,2,1.0,0.0007855000000000001,2,0,True,0.0007855000000000001,2,21315,2,0,True,427,2,0,True,20224,2,0,True,0,2,0,True
sampled-negative-finding,typed_negative_finding,eal_incorrect_answer_assessed,eal,incorrect,answer_assessed,2,2,0,0,2,0,0,0,available_information,2,2,1.0,0,2,0.0,0,0,,2,2,1.0,0.0007855000000000001,2,0,True,0.0007855000000000001,2,21315,2,0,True,427,2,0,True,20224,2,0,True,0,2,0,True
defence-cannot-ground-itself,defence_composition,eal_raw_only,eal,absent,raw_only,2,2,0,0,2,0,0,0,full_information,0,2,0.0,2,2,1.0,0,0,,0,0,,0.0007080000000000001,2,0,True,0.0007080000000000001,2,21312,2,0,True,378,2,0,True,20992,2,0,True,0,2,0,True
defence-cannot-ground-itself,defence_composition,eal_raw_only,eal,absent,raw_only,2,2,0,0,2,0,0,0,available_information,0,2,0.0,2,2,1.0,0,0,,0,0,,0.0007080000000000001,2,0,True,0.0007080000000000001,2,21312,2,0,True,378,2,0,True,20992,2,0,True,0,2,0,True
defence-with-independent-subargument,defence_composition,eal_raw_only,eal,absent,raw_only,2,2,0,0,2,0,0,0,full_information,2,2,1.0,0,2,0.0,0,0,,0,0,,0.0006572000000000001,2,0,True,0.0006572000000000001,2,21312,2,0,True,251,2,0,True,20992,2,0,True,0,2,0,True
defence-with-independent-subargument,defence_composition,eal_raw_only,eal,absent,raw_only,2,2,0,0,2,0,0,0,available_information,2,2,1.0,0,2,0.0,0,0,,0,0,,0.0006572000000000001,2,0,True,0.0006572000000000001,2,21312,2,0,True,251,2,0,True,20992,2,0,True,0,2,0,True
registered-rms-velocity,registered_method,eal_raw_only,eal,absent,raw_only,2,2,0,0,2,0,0,0,full_information,2,2,1.0,0,2,0.0,0,0,,0,0,,0.0007086,2,0,True,0.0007086,2,21002,2,0,True,361,2,0,True,20480,2,0,True,0,2,0,True
registered-rms-velocity,registered_method,eal_raw_only,eal,absent,raw_only,2,2,0,0,2,0,0,0,available_information,2,2,1.0,0,2,0.0,0,0,,0,0,,0.0007086,2,0,True,0.0007086,2,21002,2,0,True,361,2,0,True,20480,2,0,True,0,2,0,True
registered-rms-wrong-origin,registered_method,eal_raw_only,eal,absent,raw_only,2,2,0,0,2,0,0,0,full_information,0,2,0.0,2,2,1.0,0,0,,0,0,,0.0007478000000000001,2,0,True,0.0007478000000000001,2,21006,2,0,True,410,2,0,True,20224,2,0,True,0,2,0,True
registered-rms-wrong-origin,registered_method,eal_raw_only,eal,absent,raw_only,2,2,0,0,2,0,0,0,available_information,0,2,0.0,2,2,1.0,0,0,,0,0,,0.0007478000000000001,2,0,True,0.0007478000000000001,2,21006,2,0,True,410,2,0,True,20224,2,0,True,0,2,0,True
sampled-negative-finding,typed_negative_finding,eal_raw_only,eal,absent,raw_only,2,2,0,0,2,0,0,0,full_information,0,2,0.0,0,2,0.0,0,0,,0,0,,0.0007584,2,0,True,0.0007584,2,21240,2,0,True,378,2,0,True,20224,2,0,True,0,2,0,True
sampled-negative-finding,typed_negative_finding,eal_raw_only,eal,absent,raw_only,2,2,0,0,2,0,0,0,available_information,0,2,0.0,0,2,0.0,0,0,,0,0,,0.0007584,2,0,True,0.0007584,2,21240,2,0,True,378,2,0,True,20224,2,0,True,0,2,0,True
defence-cannot-ground-itself,defence_composition,json_correct_answer,json,correct,answer,2,2,0,0,2,0,0,0,full_information,2,2,1.0,0,2,0.0,0,2,0.0,0,0,,0.0006528,2,0,True,0.0006528,2,21576,2,0,True,126,2,0,True,20736,2,0,True,0,2,0,True
defence-cannot-ground-itself,defence_composition,json_correct_answer,json,correct,answer,2,2,0,0,2,0,0,0,available_information,0,2,0.0,2,2,1.0,0,0,,0,2,0.0,0.0006528,2,0,True,0.0006528,2,21576,2,0,True,126,2,0,True,20736,2,0,True,0,2,0,True
defence-with-independent-subargument,defence_composition,json_correct_answer,json,correct,answer,2,2,0,0,2,0,0,0,full_information,2,2,1.0,0,2,0.0,0,2,0.0,0,0,,0.0006566,2,0,True,0.0006566,2,21574,2,0,True,136,2,0,True,20736,2,0,True,0,2,0,True
defence-with-independent-subargument,defence_composition,json_correct_answer,json,correct,answer,2,2,0,0,2,0,0,0,available_information,0,2,0.0,2,2,1.0,0,0,,0,2,0.0,0.0006566,2,0,True,0.0006566,2,21574,2,0,True,136,2,0,True,20736,2,0,True,0,2,0,True
registered-rms-velocity,registered_method,json_correct_answer,json,correct,answer,2,2,0,0,2,0,0,0,full_information,2,2,1.0,0,2,0.0,0,2,0.0,0,0,,0.000704,2,0,True,0.000704,2,20984,2,0,True,354,2,0,True,20480,2,0,True,0,2,0,True
registered-rms-velocity,registered_method,json_correct_answer,json,correct,answer,2,2,0,0,2,0,0,0,available_information,0,2,0.0,2,2,1.0,0,0,,0,2,0.0,0.000704,2,0,True,0.000704,2,20984,2,0,True,354,2,0,True,20480,2,0,True,0,2,0,True
registered-rms-wrong-origin,registered_method,json_correct_answer,json,correct,answer,2,2,0,0,2,0,0,0,full_information,2,2,1.0,0,2,0.0,0,2,0.0,0,0,,0.0007003999999999999,2,0,True,0.0007003999999999999,2,20984,2,0,True,345,2,0,True,20480,2,0,True,0,2,0,True
registered-rms-wrong-origin,registered_method,json_correct_answer,json,correct,answer,2,2,0,0,2,0,0,0,available_information,2,2,1.0,0,2,0.0,0,2,0.0,0,0,,0.0007003999999999999,2,0,True,0.0007003999999999999,2,20984,2,0,True,345,2,0,True,20480,2,0,True,0,2,0,True
sampled-negative-finding,typed_negative_finding,json_correct_answer,json,correct,answer,2,2,0,0,1,1,0,0,full_information,1,2,0.5,0,2,0.0,1,2,0.5,0,0,,0.0007776,2,0,True,0.0007776,2,21060,2,0,True,471,2,0,True,20224,2,0,True,0,2,0,True
sampled-negative-finding,typed_negative_finding,json_correct_answer,json,correct,answer,2,2,0,0,1,1,0,0,available_information,0,2,0.0,1,2,0.5,0,0,,0,2,0.0,0.0007776,2,0,True,0.0007776,2,21060,2,0,True,471,2,0,True,20224,2,0,True,0,2,0,True
defence-cannot-ground-itself,defence_composition,json_correct_answer_raw,json,correct,answer_raw,2,2,0,0,2,0,0,0,full_information,1,2,0.5,1,2,0.5,1,2,0.5,0,0,,0.0007404,2,0,True,0.0007404,2,21908,2,0,True,286,2,0,True,20864,2,0,True,0,2,0,True
defence-cannot-ground-itself,defence_composition,json_correct_answer_raw,json,correct,answer_raw,2,2,0,0,2,0,0,0,available_information,1,2,0.5,1,2,0.5,1,2,0.5,0,0,,0.0007404,2,0,True,0.0007404,2,21908,2,0,True,286,2,0,True,20864,2,0,True,0,2,0,True
defence-with-independent-subargument,defence_composition,json_correct_answer_raw,json,correct,answer_raw,2,2,0,0,2,0,0,0,full_information,2,2,1.0,0,2,0.0,0,2,0.0,0,0,,0.0006946000000000001,2,0,True,0.0006946000000000001,2,21906,2,0,True,172,2,0,True,20864,2,0,True,0,2,0,True
defence-with-independent-subargument,defence_composition,json_correct_answer_raw,json,correct,answer_raw,2,2,0,0,2,0,0,0,available_information,2,2,1.0,0,2,0.0,0,2,0.0,0,0,,0.0006946000000000001,2,0,True,0.0006946000000000001,2,21906,2,0,True,172,2,0,True,20864,2,0,True,0,2,0,True
registered-rms-velocity,registered_method,json_correct_answer_raw,json,correct,answer_raw,2,2,0,0,2,0,0,0,full_information,2,2,1.0,0,2,0.0,0,2,0.0,0,0,,0.0006774000000000001,2,0,True,0.0006774000000000001,2,21318,2,0,True,228,2,0,True,20608,2,0,True,0,2,0,True
registered-rms-velocity,registered_method,json_correct_answer_raw,json,correct,answer_raw,2,2,0,0,2,0,0,0,available_information,2,2,1.0,0,2,0.0,0,2,0.0,0,0,,0.0006774000000000001,2,0,True,0.0006774000000000001,2,21318,2,0,True,228,2,0,True,20608,2,0,True,0,2,0,True
registered-rms-wrong-origin,registered_method,json_correct_answer_raw,json,correct,answer_raw,2,2,0,0,2,0,0,0,full_information,1,2,0.5,1,2,0.5,1,2,0.5,0,0,,0.0007330000000000001,2,0,True,0.0007330000000000001,2,21322,2,0,True,438,2,0,True,20992,2,0,True,0,2,0,True
registered-rms-wrong-origin,registered_method,json_correct_answer_raw,json,correct,answer_raw,2,2,0,0,2,0,0,0,available_information,1,2,0.5,1,2,0.5,1,2,0.5,0,0,,0.0007330000000000001,2,0,True,0.0007330000000000001,2,21322,2,0,True,438,2,0,True,20992,2,0,True,0,2,0,True
sampled-negative-finding,typed_negative_finding,json_correct_answer_raw,json,correct,answer_raw,2,2,0,0,1,1,0,0,full_information,1,2,0.5,0,2,0.0,1,2,0.5,0,0,,0.000771,2,0,True,0.000771,2,21558,2,0,True,330,2,0,True,20224,2,0,True,0,2,0,True
sampled-negative-finding,typed_negative_finding,json_correct_answer_raw,json,correct,answer_raw,2,2,0,0,1,1,0,0,available_information,1,2,0.5,0,2,0.0,1,2,0.5,0,0,,0.000771,2,0,True,0.000771,2,21558,2,0,True,330,2,0,True,20224,2,0,True,0,2,0,True
defence-cannot-ground-itself,defence_composition,json_correct_answer_irrelevant,json,correct,answer_irrelevant,2,2,0,0,2,0,0,0,full_information,2,2,1.0,0,2,0.0,0,2,0.0,0,0,,0.0006839999999999999,2,0,True,0.0006839999999999999,2,21908,2,0,True,265,2,0,True,21504,2,0,True,0,2,0,True
defence-cannot-ground-itself,defence_composition,json_correct_answer_irrelevant,json,correct,answer_irrelevant,2,2,0,0,2,0,0,0,available_information,0,2,0.0,2,2,1.0,0,0,,0,2,0.0,0.0006839999999999999,2,0,True,0.0006839999999999999,2,21908,2,0,True,265,2,0,True,21504,2,0,True,0,2,0,True
defence-with-independent-subargument,defence_composition,json_correct_answer_irrelevant,json,correct,answer_irrelevant,2,2,0,0,2,0,0,0,full_information,2,2,1.0,0,2,0.0,0,2,0.0,0,0,,0.0006518000000000001,2,0,True,0.0006518000000000001,2,21906,2,0,True,185,2,0,True,21504,2,0,True,0,2,0,True
defence-with-independent-subargument,defence_composition,json_correct_answer_irrelevant,json,correct,answer_irrelevant,2,2,0,0,2,0,0,0,available_information,0,2,0.0,2,2,1.0,0,0,,0,2,0.0,0.0006518000000000001,2,0,True,0.0006518000000000001,2,21906,2,0,True,185,2,0,True,21504,2,0,True,0,2,0,True
registered-rms-velocity,registered_method,json_correct_answer_irrelevant,json,correct,answer_irrelevant,2,2,0,0,2,0,0,0,full_information,2,2,1.0,0,2,0.0,0,2,0.0,0,0,,0.0006562000000000001,2,0,True,0.0006562000000000001,2,21318,2,0,True,247,2,0,True,20992,2,0,True,0,2,0,True
registered-rms-velocity,registered_method,json_correct_answer_irrelevant,json,correct,answer_irrelevant,2,2,0,0,2,0,0,0,available_information,0,2,0.0,2,2,1.0,0,0,,0,2,0.0,0.0006562000000000001,2,0,True,0.0006562000000000001,2,21318,2,0,True,247,2,0,True,20992,2,0,True,0,2,0,True
registered-rms-wrong-origin,registered_method,json_correct_answer_irrelevant,json,correct,answer_irrelevant,2,2,0,0,2,0,0,0,full_information,0,2,0.0,2,2,1.0,2,2,1.0,0,0,,0.0007342000000000001,2,0,True,0.0007342000000000001,2,21322,2,0,True,297,2,0,True,20224,2,0,True,0,2,0,True
registered-rms-wrong-origin,registered_method,json_correct_answer_irrelevant,json,correct,answer_irrelevant,2,2,0,0,2,0,0,0,available_information,0,2,0.0,2,2,1.0,2,2,1.0,0,0,,0.0007342000000000001,2,0,True,0.0007342000000000001,2,21322,2,0,True,297,2,0,True,20224,2,0,True,0,2,0,True
sampled-negative-finding,typed_negative_finding,json_correct_answer_irrelevant,json,correct,answer_irrelevant,2,2,0,0,0,2,0,0,full_information,0,2,0.0,0,2,0.0,2,2,1.0,0,0,,0.0008238000000000001,2,0,True,0.0008238000000000001,2,21558,2,0,True,270,2,0,True,19200,2,0,True,0,2,0,True
sampled-negative-finding,typed_negative_finding,json_correct_answer_irrelevant,json,correct,answer_irrelevant,2,2,0,0,0,2,0,0,available_information,0,2,0.0,0,2,0.0,0,0,,0,2,0.0,0.0008238000000000001,2,0,True,0.0008238000000000001,2,21558,2,0,True,270,2,0,True,19200,2,0,True,0,2,0,True
defence-cannot-ground-itself,defence_composition,json_correct_answer_assessed,json,correct,answer_assessed,2,2,0,0,2,0,0,0,full_information,2,2,1.0,0,2,0.0,0,2,0.0,0,0,,0.0007918000000000001,2,0,True,0.0007918000000000001,2,21950,2,0,True,212,2,0,True,19840,2,0,True,0,2,0,True
defence-cannot-ground-itself,defence_composition,json_correct_answer_assessed,json,correct,answer_assessed,2,2,0,0,2,0,0,0,available_information,2,2,1.0,0,2,0.0,0,2,0.0,0,0,,0.0007918000000000001,2,0,True,0.0007918000000000001,2,21950,2,0,True,212,2,0,True,19840,2,0,True,0,2,0,True
defence-with-independent-subargument,defence_composition,json_correct_answer_assessed,json,correct,answer_assessed,2,2,0,0,2,0,0,0,full_information,2,2,1.0,0,2,0.0,0,2,0.0,0,0,,0.0006538000000000002,2,0,True,0.0006538000000000002,2,21946,2,0,True,180,2,0,True,21504,2,0,True,0,2,0,True
defence-with-independent-subargument,defence_composition,json_correct_answer_assessed,json,correct,answer_assessed,2,2,0,0,2,0,0,0,available_information,2,2,1.0,0,2,0.0,0,2,0.0,0,0,,0.0006538000000000002,2,0,True,0.0006538000000000002,2,21946,2,0,True,180,2,0,True,21504,2,0,True,0,2,0,True
registered-rms-velocity,registered_method,json_correct_answer_assessed,json,correct,answer_assessed,2,2,0,0,2,0,0,0,full_information,2,2,1.0,0,2,0.0,0,2,0.0,0,0,,0.0007850000000000001,2,0,True,0.0007850000000000001,2,21350,2,0,True,489,2,0,True,20608,2,0,True,0,2,0,True
registered-rms-velocity,registered_method,json_correct_answer_assessed,json,correct,answer_assessed,2,2,0,0,2,0,0,0,available_information,2,2,1.0,0,2,0.0,0,2,0.0,0,0,,0.0007850000000000001,2,0,True,0.0007850000000000001,2,21350,2,0,True,489,2,0,True,20608,2,0,True,0,2,0,True
registered-rms-wrong-origin,registered_method,json_correct_answer_assessed,json,correct,answer_assessed,2,2,0,0,1,1,0,0,full_information,1,2,0.5,0,2,0.0,1,2,0.5,0,0,,0.0007126000000000001,2,0,True,0.0007126000000000001,2,21354,2,0,True,379,2,0,True,20992,2,0,True,0,2,0,True
registered-rms-wrong-origin,registered_method,json_correct_answer_assessed,json,correct,answer_assessed,2,2,0,0,1,1,0,0,available_information,1,2,0.5,0,2,0.0,1,2,0.5,0,0,,0.0007126000000000001,2,0,True,0.0007126000000000001,2,21354,2,0,True,379,2,0,True,20992,2,0,True,0,2,0,True
sampled-negative-finding,typed_negative_finding,json_correct_answer_assessed,json,correct,answer_assessed,2,2,0,0,1,1,0,0,full_information,1,2,0.5,0,2,0.0,1,2,0.5,0,0,,0.0007072000000000001,2,0,True,0.0007072000000000001,2,21592,2,0,True,258,2,0,True,20736,2,0,True,0,2,0,True
sampled-negative-finding,typed_negative_finding,json_correct_answer_assessed,json,correct,answer_assessed,2,2,0,0,1,1,0,0,available_information,1,2,0.5,0,2,0.0,1,2,0.5,0,0,,0.0007072000000000001,2,0,True,0.0007072000000000001,2,21592,2,0,True,258,2,0,True,20736,2,0,True,0,2,0,True
defence-cannot-ground-itself,defence_composition,json_incorrect_answer,json,incorrect,answer,2,2,0,0,2,0,0,0,full_information,0,2,0.0,1,2,0.5,0,0,,0,2,0.0,0.0007395000000000001,2,0,True,0.0007395000000000001,2,21575,2,0,True,247,2,0,True,20224,2,0,True,0,2,0,True
defence-cannot-ground-itself,defence_composition,json_incorrect_answer,json,incorrect,answer,2,2,0,0,2,0,0,0,available_information,1,2,0.5,1,2,0.5,0,1,0.0,0,1,0.0,0.0007395000000000001,2,0,True,0.0007395000000000001,2,21575,2,0,True,247,2,0,True,20224,2,0,True,0,2,0,True
defence-with-independent-subargument,defence_composition,json_incorrect_answer,json,incorrect,answer,2,2,0,0,2,0,0,0,full_information,0,2,0.0,0,2,0.0,0,0,,0,2,0.0,0.0007352,2,0,True,0.0007352,2,21576,2,0,True,236,2,0,True,20224,2,0,True,0,2,0,True
defence-with-independent-subargument,defence_composition,json_incorrect_answer,json,incorrect,answer,2,2,0,0,2,0,0,0,available_information,1,2,0.5,0,2,0.0,0,1,0.0,0,1,0.0,0.0007352,2,0,True,0.0007352,2,21576,2,0,True,236,2,0,True,20224,2,0,True,0,2,0,True
registered-rms-velocity,registered_method,json_incorrect_answer,json,incorrect,answer,2,2,0,0,2,0,0,0,full_information,1,2,0.5,0,2,0.0,0,0,,1,2,0.5,0.0007609000000000001,2,0,True,0.0007609000000000001,2,20985,2,0,True,448,2,0,True,20224,2,0,True,0,2,0,True
registered-rms-velocity,registered_method,json_incorrect_answer,json,incorrect,answer,2,2,0,0,2,0,0,0,available_information,1,2,0.5,1,2,0.5,0,1,0.0,0,1,0.0,0.0007609000000000001,2,0,True,0.0007609000000000001,2,20985,2,0,True,448,2,0,True,20224,2,0,True,0,2,0,True
registered-rms-wrong-origin,registered_method,json_incorrect_answer,json,incorrect,answer,2,2,0,0,2,0,0,0,full_information,0,2,0.0,2,2,1.0,0,0,,0,2,0.0,0.0007401,2,0,True,0.0007401,2,20985,2,0,True,396,2,0,True,20224,2,0,True,0,2,0,True
registered-rms-wrong-origin,registered_method,json_incorrect_answer,json,incorrect,answer,2,2,0,0,2,0,0,0,available_information,0,2,0.0,2,2,1.0,0,0,,0,2,0.0,0.0007401,2,0,True,0.0007401,2,20985,2,0,True,396,2,0,True,20224,2,0,True,0,2,0,True
sampled-negative-finding,typed_negative_finding,json_incorrect_answer,json,incorrect,answer,2,2,0,0,2,0,0,0,full_information,1,2,0.5,0,2,0.0,0,0,,1,2,0.5,0.0007253000000000001,2,0,True,0.0007253000000000001,2,21061,2,0,True,340,2,0,True,20224,2,0,True,0,2,0,True
sampled-negative-finding,typed_negative_finding,json_incorrect_answer,json,incorrect,answer,2,2,0,0,2,0,0,0,available_information,1,2,0.5,1,2,0.5,0,1,0.0,0,1,0.0,0.0007253000000000001,2,0,True,0.0007253000000000001,2,21061,2,0,True,340,2,0,True,20224,2,0,True,0,2,0,True
defence-cannot-ground-itself,defence_composition,json_incorrect_answer_raw,json,incorrect,answer_raw,2,2,0,0,2,0,0,0,full_information,0,2,0.0,2,2,1.0,0,0,,0,2,0.0,0.0006723,2,0,True,0.0006723,2,21907,2,0,True,236,2,0,True,21504,2,0,True,0,2,0,True
defence-cannot-ground-itself,defence_composition,json_incorrect_answer_raw,json,incorrect,answer_raw,2,2,0,0,2,0,0,0,available_information,0,2,0.0,2,2,1.0,0,0,,0,2,0.0,0.0006723,2,0,True,0.0006723,2,21907,2,0,True,236,2,0,True,21504,2,0,True,0,2,0,True
defence-with-independent-subargument,defence_composition,json_incorrect_answer_raw,json,incorrect,answer_raw,2,2,0,0,2,0,0,0,full_information,2,2,1.0,0,2,0.0,0,0,,2,2,1.0,0.0006652000000000001,2,0,True,0.0006652000000000001,2,21908,2,0,True,218,2,0,True,21504,2,0,True,0,2,0,True
defence-with-independent-subargument,defence_composition,json_incorrect_answer_raw,json,incorrect,answer_raw,2,2,0,0,2,0,0,0,available_information,2,2,1.0,0,2,0.0,0,0,,2,2,1.0,0.0006652000000000001,2,0,True,0.0006652000000000001,2,21908,2,0,True,218,2,0,True,21504,2,0,True,0,2,0,True
registered-rms-velocity,registered_method,json_incorrect_answer_raw,json,incorrect,answer_raw,2,2,0,0,2,0,0,0,full_information,2,2,1.0,0,2,0.0,0,0,,2,2,1.0,0.0006827000000000001,2,0,True,0.0006827000000000001,2,21319,2,0,True,313,2,0,True,20992,2,0,True,0,2,0,True
registered-rms-velocity,registered_method,json_incorrect_answer_raw,json,incorrect,answer_raw,2,2,0,0,2,0,0,0,available_information,2,2,1.0,0,2,0.0,0,0,,2,2,1.0,0.0006827000000000001,2,0,True,0.0006827000000000001,2,21319,2,0,True,313,2,0,True,20992,2,0,True,0,2,0,True
registered-rms-wrong-origin,registered_method,json_incorrect_answer_raw,json,incorrect,answer_raw,2,2,0,0,2,0,0,0,full_information,0,2,0.0,2,2,1.0,0,0,,0,2,0.0,0.0007171000000000001,2,0,True,0.0007171000000000001,2,21323,2,0,True,326,2,0,True,20608,2,0,True,0,2,0,True
registered-rms-wrong-origin,registered_method,json_incorrect_answer_raw,json,incorrect,answer_raw,2,2,0,0,2,0,0,0,available_information,0,2,0.0,2,2,1.0,0,0,,0,2,0.0,0.0007171000000000001,2,0,True,0.0007171000000000001,2,21323,2,0,True,326,2,0,True,20608,2,0,True,0,2,0,True
sampled-negative-finding,typed_negative_finding,json_incorrect_answer_raw,json,incorrect,answer_raw,2,2,0,0,1,1,0,0,full_information,1,2,0.5,0,2,0.0,0,0,,1,2,0.5,0.0007239,2,0,True,0.0007239,2,21559,2,0,True,212,2,0,True,20224,2,0,True,0,2,0,True
sampled-negative-finding,typed_negative_finding,json_incorrect_answer_raw,json,incorrect,answer_raw,2,2,0,0,1,1,0,0,available_information,1,2,0.5,0,2,0.0,0,0,,1,2,0.5,0.0007239,2,0,True,0.0007239,2,21559,2,0,True,212,2,0,True,20224,2,0,True,0,2,0,True
defence-cannot-ground-itself,defence_composition,json_incorrect_answer_irrelevant,json,incorrect,answer_irrelevant,2,2,0,0,2,0,0,0,full_information,0,2,0.0,2,2,1.0,0,0,,0,2,0.0,0.0007015,2,0,True,0.0007015,2,21907,2,0,True,189,2,0,True,20864,2,0,True,0,2,0,True
defence-cannot-ground-itself,defence_composition,json_incorrect_answer_irrelevant,json,incorrect,answer_irrelevant,2,2,0,0,2,0,0,0,available_information,0,2,0.0,2,2,1.0,1,1,1.0,0,1,0.0,0.0007015,2,0,True,0.0007015,2,21907,2,0,True,189,2,0,True,20864,2,0,True,0,2,0,True
defence-with-independent-subargument,defence_composition,json_incorrect_answer_irrelevant,json,incorrect,answer_irrelevant,2,2,0,0,2,0,0,0,full_information,1,2,0.5,0,2,0.0,0,0,,1,2,0.5,0.000722,2,0,True,0.000722,2,21908,2,0,True,240,2,0,True,20864,2,0,True,0,2,0,True
defence-with-independent-subargument,defence_composition,json_incorrect_answer_irrelevant,json,incorrect,answer_irrelevant,2,2,0,0,2,0,0,0,available_information,0,2,0.0,2,2,1.0,1,1,1.0,0,1,0.0,0.000722,2,0,True,0.000722,2,21908,2,0,True,240,2,0,True,20864,2,0,True,0,2,0,True
registered-rms-velocity,registered_method,json_incorrect_answer_irrelevant,json,incorrect,answer_irrelevant,2,2,0,0,2,0,0,0,full_information,2,2,1.0,0,2,0.0,0,0,,2,2,1.0,0.0007055000000000001,2,0,True,0.0007055000000000001,2,21319,2,0,True,298,2,0,True,20608,2,0,True,0,2,0,True
registered-rms-velocity,registered_method,json_incorrect_answer_irrelevant,json,incorrect,answer_irrelevant,2,2,0,0,2,0,0,0,available_information,0,2,0.0,2,2,1.0,1,1,1.0,0,1,0.0,0.0007055000000000001,2,0,True,0.0007055000000000001,2,21319,2,0,True,298,2,0,True,20608,2,0,True,0,2,0,True
registered-rms-wrong-origin,registered_method,json_incorrect_answer_irrelevant,json,incorrect,answer_irrelevant,2,2,0,0,2,0,0,0,full_information,0,2,0.0,2,2,1.0,0,0,,0,2,0.0,0.0006967000000000001,2,0,True,0.0006967000000000001,2,21323,2,0,True,347,2,0,True,20992,2,0,True,0,2,0,True
registered-rms-wrong-origin,registered_method,json_incorrect_answer_irrelevant,json,incorrect,answer_irrelevant,2,2,0,0,2,0,0,0,available_information,0,2,0.0,2,2,1.0,0,0,,0,2,0.0,0.0006967000000000001,2,0,True,0.0006967000000000001,2,21323,2,0,True,347,2,0,True,20992,2,0,True,0,2,0,True
sampled-negative-finding,typed_negative_finding,json_incorrect_answer_irrelevant,json,incorrect,answer_irrelevant,2,2,0,0,1,1,0,0,full_information,0,2,0.0,0,2,0.0,0,0,,0,2,0.0,0.0008127000000000001,2,0,True,0.0008127000000000001,2,21559,2,0,True,242,2,0,True,19200,2,0,True,0,2,0,True
sampled-negative-finding,typed_negative_finding,json_incorrect_answer_irrelevant,json,incorrect,answer_irrelevant,2,2,0,0,1,1,0,0,available_information,0,2,0.0,0,2,0.0,1,1,1.0,0,1,0.0,0.0008127000000000001,2,0,True,0.0008127000000000001,2,21559,2,0,True,242,2,0,True,19200,2,0,True,0,2,0,True
defence-cannot-ground-itself,defence_composition,json_incorrect_answer_assessed,json,incorrect,answer_assessed,2,2,0,0,2,0,0,0,full_information,2,2,1.0,0,2,0.0,0,0,,2,2,1.0,0.0006745,2,0,True,0.0006745,2,21949,2,0,True,231,2,0,True,21504,2,0,True,0,2,0,True
defence-cannot-ground-itself,defence_composition,json_incorrect_answer_assessed,json,incorrect,answer_assessed,2,2,0,0,2,0,0,0,available_information,2,2,1.0,0,2,0.0,0,0,,2,2,1.0,0.0006745,2,0,True,0.0006745,2,21949,2,0,True,231,2,0,True,21504,2,0,True,0,2,0,True
defence-with-independent-subargument,defence_composition,json_incorrect_answer_assessed,json,incorrect,answer_assessed,2,2,0,0,2,0,0,0,full_information,2,2,1.0,0,2,0.0,0,0,,2,2,1.0,0.0007248,2,0,True,0.0007248,2,21948,2,0,True,237,2,0,True,20864,2,0,True,0,2,0,True
defence-with-independent-subargument,defence_composition,json_incorrect_answer_assessed,json,incorrect,answer_assessed,2,2,0,0,2,0,0,0,available_information,2,2,1.0,0,2,0.0,0,0,,2,2,1.0,0.0007248,2,0,True,0.0007248,2,21948,2,0,True,237,2,0,True,20864,2,0,True,0,2,0,True
registered-rms-velocity,registered_method,json_incorrect_answer_assessed,json,incorrect,answer_assessed,2,2,0,0,2,0,0,0,full_information,2,2,1.0,0,2,0.0,0,0,,2,2,1.0,0.0007071,2,0,True,0.0007071,2,21351,2,0,True,366,2,0,True,20992,2,0,True,0,2,0,True
registered-rms-velocity,registered_method,json_incorrect_answer_assessed,json,incorrect,answer_assessed,2,2,0,0,2,0,0,0,available_information,2,2,1.0,0,2,0.0,0,0,,2,2,1.0,0.0007071,2,0,True,0.0007071,2,21351,2,0,True,366,2,0,True,20992,2,0,True,0,2,0,True
registered-rms-wrong-origin,registered_method,json_incorrect_answer_assessed,json,incorrect,answer_assessed,2,2,0,0,2,0,0,0,full_information,0,2,0.0,1,2,0.5,0,0,,0,2,0.0,0.0007831,2,0,True,0.0007831,2,21355,2,0,True,291,2,0,True,19584,2,0,True,0,2,0,True
registered-rms-wrong-origin,registered_method,json_incorrect_answer_assessed,json,incorrect,answer_assessed,2,2,0,0,2,0,0,0,available_information,0,2,0.0,1,2,0.5,0,0,,0,2,0.0,0.0007831,2,0,True,0.0007831,2,21355,2,0,True,291,2,0,True,19584,2,0,True,0,2,0,True
sampled-negative-finding,typed_negative_finding,json_incorrect_answer_assessed,json,incorrect,answer_assessed,2,2,0,0,2,0,0,0,full_information,2,2,1.0,0,2,0.0,0,0,,2,2,1.0,0.0007601000000000001,2,0,True,0.0007601000000000001,2,21593,2,0,True,390,2,0,True,20736,2,0,True,0,2,0,True
sampled-negative-finding,typed_negative_finding,json_incorrect_answer_assessed,json,incorrect,answer_assessed,2,2,0,0,2,0,0,0,available_information,2,2,1.0,0,2,0.0,0,0,,2,2,1.0,0.0007601000000000001,2,0,True,0.0007601000000000001,2,21593,2,0,True,390,2,0,True,20736,2,0,True,0,2,0,True
defence-cannot-ground-itself,defence_composition,json_raw_only,json,absent,raw_only,2,2,0,0,1,1,0,0,full_information,0,2,0.0,1,2,0.5,0,0,,0,0,,0.0006304,2,0,True,0.0006304,2,21860,2,0,True,143,2,0,True,21504,2,0,True,0,2,0,True
defence-cannot-ground-itself,defence_composition,json_raw_only,json,absent,raw_only,2,2,0,0,1,1,0,0,available_information,0,2,0.0,1,2,0.5,0,0,,0,0,,0.0006304,2,0,True,0.0006304,2,21860,2,0,True,143,2,0,True,21504,2,0,True,0,2,0,True
defence-with-independent-subargument,defence_composition,json_raw_only,json,absent,raw_only,2,2,0,0,2,0,0,0,full_information,2,2,1.0,0,2,0.0,0,0,,0,0,,0.0006276000000000001,2,0,True,0.0006276000000000001,2,21860,2,0,True,136,2,0,True,21504,2,0,True,0,2,0,True
defence-with-independent-subargument,defence_composition,json_raw_only,json,absent,raw_only,2,2,0,0,2,0,0,0,available_information,2,2,1.0,0,2,0.0,0,0,,0,0,,0.0006276000000000001,2,0,True,0.0006276000000000001,2,21860,2,0,True,136,2,0,True,21504,2,0,True,0,2,0,True
registered-rms-velocity,registered_method,json_raw_only,json,absent,raw_only,2,2,0,0,2,0,0,0,full_information,2,2,1.0,0,2,0.0,0,0,,0,0,,0.0007696000000000001,2,0,True,0.0007696000000000001,2,21280,2,0,True,468,2,0,True,20608,2,0,True,0,2,0,True
registered-rms-velocity,registered_method,json_raw_only,json,absent,raw_only,2,2,0,0,2,0,0,0,available_information,2,2,1.0,0,2,0.0,0,0,,0,0,,0.0007696000000000001,2,0,True,0.0007696000000000001,2,21280,2,0,True,468,2,0,True,20608,2,0,True,0,2,0,True
registered-rms-wrong-origin,registered_method,json_raw_only,json,absent,raw_only,2,2,0,0,1,1,0,0,full_information,0,2,0.0,1,2,0.5,0,0,,0,0,,0.0007756000000000002,2,0,True,0.0007756000000000002,2,21284,2,0,True,482,2,0,True,20608,2,0,True,0,2,0,True
registered-rms-wrong-origin,registered_method,json_raw_only,json,absent,raw_only,2,2,0,0,1,1,0,0,available_information,0,2,0.0,1,2,0.5,0,0,,0,0,,0.0007756000000000002,2,0,True,0.0007756000000000002,2,21284,2,0,True,482,2,0,True,20608,2,0,True,0,2,0,True
sampled-negative-finding,typed_negative_finding,json_raw_only,json,absent,raw_only,2,2,0,0,1,1,0,0,full_information,1,2,0.5,0,2,0.0,0,0,,0,0,,0.0007442,2,0,True,0.0007442,2,21518,2,0,True,273,2,0,True,20224,2,0,True,0,2,0,True
sampled-negative-finding,typed_negative_finding,json_raw_only,json,absent,raw_only,2,2,0,0,1,1,0,0,available_information,1,2,0.5,0,2,0.0,0,0,,0,0,,0.0007442,2,0,True,0.0007442,2,21518,2,0,True,273,2,0,True,20224,2,0,True,0,2,0,True
