name,left,right,scheduled_pairs,paired_finalized_attempts,coverage_complete,oracle,task_weighted_difference,observed_pairs_only_task_weighted_difference,false_support_task_weighted_difference,reference_changed_pairs,proposal_correctness_changed_pairs,both_correct,left_only_correct,right_only_correct,neither_correct
notation_raw_only,eal_raw_only,json_raw_only,10,10,True,full_information,-0.1,-0.1,0.2,0,0,4,0,1,5
notation_raw_only,eal_raw_only,json_raw_only,10,10,True,available_information,-0.1,-0.1,0.2,0,0,4,0,1,5
eal_original_incorrect_raw_minus_answer,eal_incorrect_answer_raw,eal_incorrect_answer,10,10,True,full_information,0.2,0.2,0.2,0,0,0,2,0,8
eal_original_incorrect_raw_minus_answer,eal_incorrect_answer_raw,eal_incorrect_answer,10,10,True,available_information,-0.2,-0.2,0.2,8,4,1,1,3,5
eal_original_correct_raw_minus_answer,eal_correct_answer_raw,eal_correct_answer,10,10,True,full_information,-0.8,-0.8,0.4,0,0,2,0,8,0
eal_original_correct_raw_minus_answer,eal_correct_answer_raw,eal_correct_answer,10,10,True,available_information,0.0,0.0,-0.4,8,8,0,2,2,6
eal_correct_raw_minus_irrelevant,eal_correct_answer_raw,eal_correct_answer_irrelevant,10,10,True,full_information,-0.4,-0.4,0.3,0,0,2,0,4,4
eal_correct_raw_minus_irrelevant,eal_correct_answer_raw,eal_correct_answer_irrelevant,10,10,True,available_information,0.2,0.2,-0.3,8,8,0,2,0,8
eal_correct_assessed_minus_raw,eal_correct_answer_assessed,eal_correct_answer_raw,10,10,True,full_information,0.6,0.6,-0.4,0,0,1,7,1,1
eal_correct_assessed_minus_raw,eal_correct_answer_assessed,eal_correct_answer_raw,10,10,True,available_information,0.6,0.6,-0.4,0,0,1,7,1,1
eal_raw_only_minus_correct_raw,eal_raw_only,eal_correct_answer_raw,10,10,True,full_information,0.2,0.2,0.0,0,10,2,2,0,6
eal_raw_only_minus_correct_raw,eal_raw_only,eal_correct_answer_raw,10,10,True,available_information,0.2,0.2,0.0,0,10,2,2,0,6
eal_raw_only_minus_correct_answer,eal_raw_only,eal_correct_answer,10,10,True,full_information,-0.6,-0.6,0.4,0,10,4,0,6,0
eal_raw_only_minus_correct_answer,eal_raw_only,eal_correct_answer,10,10,True,available_information,0.2,0.2,-0.4,8,10,0,4,2,4
eal_incorrect_raw_minus_irrelevant,eal_incorrect_answer_raw,eal_incorrect_answer_irrelevant,10,10,True,full_information,0.0,0.0,0.3,0,0,2,0,0,8
eal_incorrect_raw_minus_irrelevant,eal_incorrect_answer_raw,eal_incorrect_answer_irrelevant,10,10,True,available_information,-0.1,-0.1,0.1,8,4,0,2,3,5
eal_incorrect_assessed_minus_raw,eal_incorrect_answer_assessed,eal_incorrect_answer_raw,10,10,True,full_information,0.5,0.5,-0.4,0,0,1,6,1,2
eal_incorrect_assessed_minus_raw,eal_incorrect_answer_assessed,eal_incorrect_answer_raw,10,10,True,available_information,0.5,0.5,-0.4,0,0,1,6,1,2
eal_raw_only_minus_incorrect_raw,eal_raw_only,eal_incorrect_answer_raw,10,10,True,full_information,0.2,0.2,0.0,0,10,2,2,0,6
eal_raw_only_minus_incorrect_raw,eal_raw_only,eal_incorrect_answer_raw,10,10,True,available_information,0.2,0.2,0.0,0,10,2,2,0,6
eal_raw_only_minus_incorrect_answer,eal_raw_only,eal_incorrect_answer,10,10,True,full_information,0.4,0.4,0.2,0,10,0,4,0,6
eal_raw_only_minus_incorrect_answer,eal_raw_only,eal_incorrect_answer,10,10,True,available_information,0.0,0.0,0.2,8,10,2,2,2,4
json_original_incorrect_raw_minus_answer,json_incorrect_answer_raw,json_incorrect_answer,10,10,True,full_information,0.3,0.3,0.1,0,0,2,3,0,5
json_original_incorrect_raw_minus_answer,json_incorrect_answer_raw,json_incorrect_answer,10,10,True,available_information,0.1,0.1,-0.1,8,4,2,3,2,3
json_original_correct_raw_minus_answer,json_correct_answer_raw,json_correct_answer,10,10,True,full_information,-0.2,-0.2,0.2,0,0,6,1,3,0
json_original_correct_raw_minus_answer,json_correct_answer_raw,json_correct_answer,10,10,True,available_information,0.5,0.5,-0.5,8,8,1,6,1,2
json_correct_raw_minus_irrelevant,json_correct_answer_raw,json_correct_answer_irrelevant,10,10,True,full_information,0.1,0.1,0.0,0,0,5,2,1,2
json_correct_raw_minus_irrelevant,json_correct_answer_raw,json_correct_answer_irrelevant,10,10,True,available_information,0.7,0.7,-0.6,8,8,0,7,0,3
json_correct_assessed_minus_raw,json_correct_answer_assessed,json_correct_answer_raw,10,10,True,full_information,0.1,0.1,-0.2,0,0,6,2,1,1
json_correct_assessed_minus_raw,json_correct_answer_assessed,json_correct_answer_raw,10,10,True,available_information,0.1,0.1,-0.2,0,0,6,2,1,1
json_raw_only_minus_correct_raw,json_raw_only,json_correct_answer_raw,10,10,True,full_information,-0.2,-0.2,0.0,0,10,4,1,3,2
json_raw_only_minus_correct_raw,json_raw_only,json_correct_answer_raw,10,10,True,available_information,-0.2,-0.2,0.0,0,10,4,1,3,2
json_raw_only_minus_correct_answer,json_raw_only,json_correct_answer,10,10,True,full_information,-0.4,-0.4,0.2,0,10,5,0,4,1
json_raw_only_minus_correct_answer,json_raw_only,json_correct_answer,10,10,True,available_information,0.3,0.3,-0.5,8,10,0,5,2,3
json_incorrect_raw_minus_irrelevant,json_incorrect_answer_raw,json_incorrect_answer_irrelevant,10,10,True,full_information,0.2,0.2,0.0,0,0,3,2,0,5
json_incorrect_raw_minus_irrelevant,json_incorrect_answer_raw,json_incorrect_answer_irrelevant,10,10,True,available_information,0.5,0.5,-0.4,8,4,0,5,0,5
json_incorrect_assessed_minus_raw,json_incorrect_answer_assessed,json_incorrect_answer_raw,10,10,True,full_information,0.3,0.3,-0.3,0,0,5,3,0,2
json_incorrect_assessed_minus_raw,json_incorrect_answer_assessed,json_incorrect_answer_raw,10,10,True,available_information,0.3,0.3,-0.3,0,0,5,3,0,2
json_raw_only_minus_incorrect_raw,json_raw_only,json_incorrect_answer_raw,10,10,True,full_information,0.0,0.0,-0.2,0,10,4,1,1,4
json_raw_only_minus_incorrect_raw,json_raw_only,json_incorrect_answer_raw,10,10,True,available_information,0.0,0.0,-0.2,0,10,4,1,1,4
json_raw_only_minus_incorrect_answer,json_raw_only,json_incorrect_answer,10,10,True,full_information,0.3,0.3,-0.1,0,10,1,4,1,4
json_raw_only_minus_incorrect_answer,json_raw_only,json_incorrect_answer,10,10,True,available_information,0.1,0.1,-0.3,8,10,3,2,1,4
