trial_id,schedule_index,block_id,task_id,repetition,sampling_seed,condition_id,condition_position,cohort,source_trial_id,correct,completed_answer,unjustified,corrected_transitions,damaged_transitions,stage_correctness,stage_keys,verified_tool_endpoint,model_cost_usd,latency_seconds,stop_reason,input_tokens,output_tokens,cached_input_tokens,reasoning_tokens,uncached_token_rate_projection_usd
trial-00000,0,sampled-negative-finding/repeat-0,sampled-negative-finding,0,20260924,rn_tool_r_evidence,0,relay-explicit,trial-00000,1,1,0,0,0,"1,1",64b1aa8fa166a0a928fe1176b4c1139b97dcd8a107c7f1ca83b9a1d01f0ac5c8;72b75023a060418a97d89879edfcf1786e1027a1427e35e0fae287014e43da27,0,0.02840759,34.619611437003186,finished,39771,452,9088,384,0.02881655
trial-00001,1,sampled-negative-finding/repeat-0,sampled-negative-finding,0,20260924,n_tool_solo,1,relay-explicit,trial-00001,1,1,0,0,0,1,b48f589f1853baddf94828080db9477a9f896d042088bcf52dd977e43cfb8860,1,0.0012980000000000001,15.986634676999529,finished,19584,29,8960,0,0.00197
trial-00002,2,sampled-negative-finding/repeat-0,sampled-negative-finding,0,20260924,l_tool_n_answer,2,relay-explicit,trial-00002,1,1,0,0,0,"1,1",f76bb3e87a2e1487a029f87c80e7a228805f67c2be4a9cc3ca32ea6bbd4db427;28da034e7135971dfbbabe21866f3424f95132639b32901d0cc6a79154dae227,0,0.0266845,23.578695894000703,finished,26781,41,8960,0,0.0401245
trial-00003,3,sampled-negative-finding/repeat-0,sampled-negative-finding,0,20260924,n_tool_r_evidence,3,relay-explicit,trial-00003,1,1,0,0,0,"1,1",b48f589f1853baddf94828080db9477a9f896d042088bcf52dd977e43cfb8860;0d9d8452c540ba921ff5265ebcfaabaca002f64063024d0a8e4d598911e7ee63,0,0.021694,26.152298931003315,finished,39560,306,15488,256,0.02971
trial-00004,4,sampled-negative-finding/repeat-0,sampled-negative-finding,0,20260924,l_solo,4,relay-explicit,trial-00004,1,1,0,0,0,1,700cdf1203e14015c1d3ee335ad5461b2ea12dd25507ec308b7a89664826a5c5,0,0.014128,6.673385188005341,finished,7016,12,0,0,0.014128
trial-00005,5,sampled-negative-finding/repeat-0,sampled-negative-finding,0,20260924,r_tool_rn_evidence,5,relay-explicit,trial-00005,1,1,0,0,0,"1,1",aa54f2be8be524df06194ae6eb721e89c48cb46d8b24731c07a8a766657b47cf;5aa1002990d2534b6f72e611715ec5f36656bcfb06301ed5afc44d1081a3069f,0,0.017838049999999998,24.864455550996354,finished,39801,314,9088,256,0.028062049999999998
trial-00006,6,sampled-negative-finding/repeat-0,sampled-negative-finding,0,20260924,n_l_answer,6,relay-explicit,trial-00006,1,1,0,0,0,"1,1",a3b698948bd9331c303666a8b2f822541e3a096aa2651c8f40db61a204103987;c4f6968434e8e01ce5c177362a8f06e191e2853d76a967723d191e59655e8ebb,0,0.0057332,14.529386575006356,finished,14219,24,12032,0,0.015208399999999999
trial-00007,7,sampled-negative-finding/repeat-0,sampled-negative-finding,0,20260924,rn_solo,7,relay-explicit,trial-00007,1,1,0,0,0,1,70f7f0fe5b3bf84a0378add6b4fe3039645f01adf13ebaf5589f12e1d37bd9bb,0,0.00014219,7.987887661001878,finished,7015,213,6528,192,0.00043595
trial-00008,8,sampled-negative-finding/repeat-0,sampled-negative-finding,0,20260924,l_tool_n_evidence,8,relay-explicit,trial-00008,1,1,0,0,0,"1,1",f76bb3e87a2e1487a029f87c80e7a228805f67c2be4a9cc3ca32ea6bbd4db427;22b454c1e4e98f334493c593bc38904c7283d071c4402723029d3e977e9f37fa,0,0.027511,24.581233561999397,finished,39558,41,14976,0,0.0414022
trial-00009,9,sampled-negative-finding/repeat-0,sampled-negative-finding,0,20260924,l_tool_rm_evidence,9,relay-explicit,trial-00009,1,1,0,0,0,"1,1",f76bb3e87a2e1487a029f87c80e7a228805f67c2be4a9cc3ca32ea6bbd4db427;8e60e8a5a162a0f39102cf0d1a9f2d43c709ac9d644ffd902b1cfff6976d48cd,0,0.03112325,25.311887470998045,finished,39557,114,8960,64,0.04456325
trial-00010,10,sampled-negative-finding/repeat-0,sampled-negative-finding,0,20260924,r_solo,10,relay-explicit,trial-00010,1,1,0,0,0,1,97f960f1b0fe7d67f2ea94c8430f6cae3c52e8646474d5531a2c5654e1f07d78,0,0.00739475,14.97007468299853,finished,7015,597,6528,576,0.01473875
trial-00011,11,sampled-negative-finding/repeat-0,sampled-negative-finding,0,20260924,l_tool_n_transcript,11,relay-explicit,trial-00011,1,1,0,0,0,"1,1",f76bb3e87a2e1487a029f87c80e7a228805f67c2be4a9cc3ca32ea6bbd4db427;66913c0f5767a4f88b8289e5b882b16bf49884c7a47a0e07ed9260b2f233917b,0,0.0294228,31.802183435996994,finished,81644,83,45824,0,0.0456276
trial-00012,12,sampled-negative-finding/repeat-0,sampled-negative-finding,0,20260924,l_tool_solo,12,relay-explicit,trial-00012,1,1,0,0,0,1,f76bb3e87a2e1487a029f87c80e7a228805f67c2be4a9cc3ca32ea6bbd4db427,1,0.02596,16.74529419499595,finished,19584,29,8960,0,0.0394
trial-00013,13,sampled-negative-finding/repeat-0,sampled-negative-finding,0,20260924,l_n_answer,13,relay-explicit,trial-00013,1,1,0,0,0,"1,1",700cdf1203e14015c1d3ee335ad5461b2ea12dd25507ec308b7a89664826a5c5;080ac70c07e781950cd91dbe44ff6d4f7fed3be90fa0d80042ac0f841baabe90,0,0.0144015,14.773803590003808,finished,14215,24,6016,0,0.0148527
trial-00014,14,sampled-negative-finding/repeat-0,sampled-negative-finding,0,20260924,l_l_answer,14,relay-explicit,trial-00014,1,1,0,0,0,"1,1",700cdf1203e14015c1d3ee335ad5461b2ea12dd25507ec308b7a89664826a5c5;2c6e20acac093530e15ca3b6e106c8c37ed620fd9f56cdaca87a8a3ce5469f03,0,0.019598,13.775890179007547,finished,14215,24,6016,0,0.028622
trial-00015,15,sampled-negative-finding/repeat-0,sampled-negative-finding,0,20260924,n_n_answer,15,relay-explicit,trial-00015,1,1,0,0,0,"1,1",a3b698948bd9331c303666a8b2f822541e3a096aa2651c8f40db61a204103987;e40360a882a6ec5c0c621cde28c12b0563100dd30557216c6f1f9ba354afb26d,0,0.0005291,15.126624888005608,finished,14219,24,12032,0,0.0014315
trial-00016,16,sampled-negative-finding/repeat-0,sampled-negative-finding,0,20260924,r_tool_solo,16,relay-explicit,trial-00016,1,1,0,0,0,1,aa54f2be8be524df06194ae6eb721e89c48cb46d8b24731c07a8a766657b47cf,1,0.0168035,17.8188199560027,finished,19790,229,9088,192,0.0270275
trial-00017,17,sampled-negative-finding/repeat-0,sampled-negative-finding,0,20260924,n_tool_l_evidence,17,relay-explicit,trial-00017,1,1,0,0,0,"1,1",b48f589f1853baddf94828080db9477a9f896d042088bcf52dd977e43cfb8860;c0db3b928d57f61f021fd8609f905c88fe8d36bc61b1fb742062726f446e0706,0,0.041348,24.85602242599998,finished,39561,41,8960,0,0.04202
trial-00018,18,sampled-negative-finding/repeat-0,sampled-negative-finding,0,20260924,m_solo,18,relay-explicit,trial-00018,1,1,0,0,0,1,0144c2a254c7ffd77d5e7ccbf57078d8fecade888b25004dbf7ef176e19596bb,0,0.0028255999999999997,7.772549223001988,finished,7016,12,0,0,0.0028255999999999997
trial-00019,19,sampled-negative-finding/repeat-0,sampled-negative-finding,0,20260924,r_tool_n_evidence,19,relay-explicit,trial-00019,1,1,0,0,0,"1,1",aa54f2be8be524df06194ae6eb721e89c48cb46d8b24731c07a8a766657b47cf;042681f2106be93f97941d0a01093fa8d5cec7b1987eb1baf189075b3381d554,0,0.0183583,24.907512853998924,finished,39802,241,15104,192,0.0290335
trial-00020,20,sampled-negative-finding/repeat-0,sampled-negative-finding,0,20260924,n_m_l,20,relay-explicit,trial-00020,1,1,0,0,0,"1,1,1",a3b698948bd9331c303666a8b2f822541e3a096aa2651c8f40db61a204103987;712cc691a1d2fc1a4b288564fbbfd1de55a52932eefa02fb97630c6cf3e056b4;49d6e0354d3a34ea0647975b561a8be5b92e85381e40152b7b86d68b8e0c63a5,0,0.0071068,21.60528666200844,finished,21561,36,18048,0,0.0183868
trial-00021,21,sampled-negative-finding/repeat-0,sampled-negative-finding,0,20260924,rm_solo,21,relay-explicit,trial-00021,1,1,0,0,0,1,8e6de396f3ce8e3bc4d6ba4215b32195ebd46fc1652f78ddfc1229783e8f5f78,0,0.0007269500000000001,9.474493273002736,finished,7015,149,5888,128,0.00205175
trial-00022,22,sampled-negative-finding/repeat-0,sampled-negative-finding,0,20260924,rm_tool_l_evidence,22,relay-explicit,trial-00022,1,1,0,0,0,"1,1",203812d2cc07324852a752f304d77ad2728bc52fec2ef9f6f92b44968850f889;ac69e63c98b7839ed7cb801fe07fb6569f176031297f8dc5b1c5fb8ee077fca5,0,0.0438361,35.42823334899731,finished,50528,199,18944,128,0.0480985
trial-00023,23,sampled-negative-finding/repeat-0,sampled-negative-finding,0,20260924,n_l_tool_n,23,relay-explicit,trial-00023,1,1,0,0,0,"1,1,1",a3b698948bd9331c303666a8b2f822541e3a096aa2651c8f40db61a204103987;5485abf347f16bd3f5a0cdc0c93e6397bdb605ee322f25891a839b06a44d12cf;a9ce16b9f6a865d88837e0f8e6cb69a300671db3ea9f50e23b70401f91625cb2,0,0.0160649,32.17605163001281,finished,47103,53,29312,0,0.042887299999999996
trial-00024,24,sampled-negative-finding/repeat-0,sampled-negative-finding,0,20260924,l_tool_n_none,24,relay-explicit,trial-00024,1,1,0,0,0,"1,1",f76bb3e87a2e1487a029f87c80e7a228805f67c2be4a9cc3ca32ea6bbd4db427;a3b698948bd9331c303666a8b2f822541e3a096aa2651c8f40db61a204103987,0,0.0262152,24.025143143000605,finished,26600,41,14976,0,0.0401064
trial-00025,25,sampled-negative-finding/repeat-0,sampled-negative-finding,0,20260924,l_n_tool_l,25,relay-explicit,trial-00025,1,1,0,0,0,"1,1,1",700cdf1203e14015c1d3ee335ad5461b2ea12dd25507ec308b7a89664826a5c5;fa69feecb76197aa1864bf2727b87a309739ab5c7da05567b41b1c87a280cc7e;79b59e139c14eadcc094f0d945f367da794ec13731488a19ae0ed69ea3956fce,0,0.0461248,28.470067438000115,finished,47075,53,23296,0,0.056444799999999996
trial-00026,26,sampled-negative-finding/repeat-0,sampled-negative-finding,0,20260924,n_solo,26,relay-explicit,trial-00026,1,1,0,0,0,1,a3b698948bd9331c303666a8b2f822541e3a096aa2651c8f40db61a204103987,0,0.0002552,7.2798489480046555,finished,7016,12,6016,0,0.0007063999999999999
trial-00027,27,defence-cannot-ground-itself/repeat-0,defence-cannot-ground-itself,0,20260924,l_tool_n_answer,0,relay-explicit,trial-00027,0,1,1,0,1,"1,0",48185673bcf24de7c4629fcfaa10918c27e8c4e4ab164a2624893a4dcab80349;45d08b4d1cb9d1f2cf24fe38b5000f99b09de16b1d7e2276f0cadf7da2df4567,0,0.015083300000000001,21.286735820001923,finished,27254,41,23040,0,0.0410705
trial-00028,28,defence-cannot-ground-itself/repeat-0,defence-cannot-ground-itself,0,20260924,n_tool_r_evidence,1,relay-explicit,trial-00028,1,1,0,0,0,"1,1",17c7174218190ae068674e7e948e4cde63b5663a7536531b7eaa3d7142815d74;e86c87083cb043481f48ba9e1b318a19f1ce3ec74b28aae13e427bbd92986fbf,0,0.0212746,33.19397069399565,finished,40414,243,23296,192,0.0296074
trial-00029,29,defence-cannot-ground-itself/repeat-0,defence-cannot-ground-itself,0,20260924,l_solo,2,relay-explicit,trial-00029,0,1,1,0,0,0,ac0d170f2e85fe3d2835e1f100c9a4c237de91ae8fdedc9711373db0f78b0ddf,0,0.005106,7.596612201996322,finished,7013,13,6016,0,0.01413
trial-00030,30,defence-cannot-ground-itself/repeat-0,defence-cannot-ground-itself,0,20260924,r_tool_rn_evidence,3,relay-explicit,trial-00030,1,1,0,0,0,"1,1",bc58840fd19ed455ea674beaf12581c8eefc80e0df53588c709209b8078b1d88;32180d1da096025f5e34b587bc09abf08916cf3f2b98c69a39aa747be791658f,0,0.00910505,27.510670119998395,finished,40605,380,17408,320,0.02868905
trial-00031,31,defence-cannot-ground-itself/repeat-0,defence-cannot-ground-itself,0,20260924,n_l_answer,4,relay-explicit,trial-00031,0,1,1,0,0,"0,0",15bacfdc32c3cef0c91bebdc4c4cb2746baef00a0a3e27ba51ae66f53a5d22b6;79e4696591098dcea71ec92a96a67a683c9e92cee6757c7fac14a70302217471,0,0.0057333,14.173370809003245,finished,14212,26,12032,0,0.0152085
trial-00032,32,defence-cannot-ground-itself/repeat-0,defence-cannot-ground-itself,0,20260924,rn_solo,5,relay-explicit,trial-00032,0,1,0,0,0,0,5c0fd4e2e7d8dabf15031fde6f71551a64ec8cd50c60dab079eba6ba97cab2a0,0,0.0002766,9.964922705999925,finished,7012,535,6400,512,0.0005646000000000001
trial-00033,33,defence-cannot-ground-itself/repeat-0,defence-cannot-ground-itself,0,20260924,l_tool_n_evidence,6,relay-explicit,trial-00033,1,1,0,0,0,"1,1",48185673bcf24de7c4629fcfaa10918c27e8c4e4ab164a2624893a4dcab80349;b3d5a1a15290098d4dc91ea6168676c05f25cf9282255afa416140406f0e9167,0,0.0163993,21.485166781996668,finished,40410,42,23040,0,0.0423865
trial-00034,34,defence-cannot-ground-itself/repeat-0,defence-cannot-ground-itself,0,20260924,l_tool_rm_evidence,7,relay-explicit,trial-00034,1,1,0,0,0,"1,1",48185673bcf24de7c4629fcfaa10918c27e8c4e4ab164a2624893a4dcab80349;2c4a4361e40891ce5b0bacfedfeae07860dc01409e34743e8c98a073f41912b1,0,0.0187462,21.900214428002073,finished,40409,115,22912,64,0.045607
trial-00035,35,defence-cannot-ground-itself/repeat-0,defence-cannot-ground-itself,0,20260924,r_solo,8,relay-explicit,trial-00035,1,1,0,0,0,1,91186606b8ed8dfa9dff977df80f72068f9ac8b714290fc9a38952f4ff009e89,0,0.008835,19.50145880800119,finished,7012,727,6400,704,0.016035
trial-00036,36,defence-cannot-ground-itself/repeat-0,defence-cannot-ground-itself,0,20260924,l_tool_n_transcript,9,relay-explicit,trial-00036,1,1,0,0,0,"1,1",48185673bcf24de7c4629fcfaa10918c27e8c4e4ab164a2624893a4dcab80349;a3c9e9d7702338daffed84697bd578ac6eaecccfe99fdabc22ee3e53c3d5490a,0,0.017550800000000002,22.7254829720041,finished,51925,42,23040,0,0.043538
trial-00037,37,defence-cannot-ground-itself/repeat-0,defence-cannot-ground-itself,0,20260924,l_tool_solo,10,relay-explicit,trial-00037,1,1,0,0,0,1,48185673bcf24de7c4629fcfaa10918c27e8c4e4ab164a2624893a4dcab80349,1,0.01481,14.105463678999513,finished,20061,28,17024,0,0.040346
trial-00038,38,defence-cannot-ground-itself/repeat-0,defence-cannot-ground-itself,0,20260924,l_n_answer,11,relay-explicit,trial-00038,0,1,1,0,0,"0,0",ac0d170f2e85fe3d2835e1f100c9a4c237de91ae8fdedc9711373db0f78b0ddf;5a644c6e1f2580e7f34efd3481b38935cd98e006a54acfab86a13d37b651f549,0,0.0053796,14.991629110998474,finished,14209,26,12032,0,0.0148548
trial-00039,39,defence-cannot-ground-itself/repeat-0,defence-cannot-ground-itself,0,20260924,l_l_answer,12,relay-explicit,trial-00039,0,1,1,0,0,"0,0",ac0d170f2e85fe3d2835e1f100c9a4c237de91ae8fdedc9711373db0f78b0ddf;51148a38db9a234cacd700bf1b48f9a88473efe9a1cfe2c571d7d0221fb3c89c,0,0.010578,14.538015479993192,finished,14209,26,12032,0,0.028626
trial-00040,40,defence-cannot-ground-itself/repeat-0,defence-cannot-ground-itself,0,20260924,n_n_answer,13,relay-explicit,trial-00040,0,1,1,0,0,"0,0",15bacfdc32c3cef0c91bebdc4c4cb2746baef00a0a3e27ba51ae66f53a5d22b6;caeb5989c9e3f8474287910d79bdee8c825ba2325a06c0ff4cedfff13e80343d,0,0.0005292000000000001,15.121304403000977,finished,14212,26,12032,0,0.0014316000000000003
trial-00041,41,defence-cannot-ground-itself/repeat-0,defence-cannot-ground-itself,0,20260924,r_tool_solo,14,relay-explicit,trial-00041,1,1,0,0,0,1,bc58840fd19ed455ea674beaf12581c8eefc80e0df53588c709209b8078b1d88,1,0.00802725,19.832352849996823,finished,20257,229,17408,192,0.02761125
trial-00042,42,defence-cannot-ground-itself/repeat-0,defence-cannot-ground-itself,0,20260924,n_tool_l_evidence,15,relay-explicit,trial-00042,1,1,0,0,0,"1,1",17c7174218190ae068674e7e948e4cde63b5663a7536531b7eaa3d7142815d74;bc029a65b7ec7f1570c10ccc26c90c4a491ea44d3a8e12141365c204c78573bd,0,0.032534600000000004,27.653952585002116,finished,40415,42,23040,0,0.0428354
trial-00043,43,defence-cannot-ground-itself/repeat-0,defence-cannot-ground-itself,0,20260924,m_solo,16,relay-explicit,trial-00043,1,1,0,0,0,1,87a60259e86773c2c6151579ccbb450ad94017d3b137ab35d23eb389d4c0e47c,0,0.0010228000000000001,7.223726192998583,finished,7013,14,6016,0,0.0028276000000000004
trial-00044,44,defence-cannot-ground-itself/repeat-0,defence-cannot-ground-itself,0,20260924,r_tool_n_evidence,17,relay-explicit,trial-00044,1,1,0,0,0,"1,1",bc58840fd19ed455ea674beaf12581c8eefc80e0df53588c709209b8078b1d88;78e7bd206b03a5d22ac69ea170977ceaecaad717f8fc589020d8d87b0d44355f,0,0.00961655,27.646074816999317,finished,40606,243,23424,192,0.02965175
trial-00045,45,defence-cannot-ground-itself/repeat-0,defence-cannot-ground-itself,0,20260924,n_m_l,18,relay-explicit,trial-00045,0,1,1,0,0,"0,0,0",15bacfdc32c3cef0c91bebdc4c4cb2746baef00a0a3e27ba51ae66f53a5d22b6;5a10c6bb193697926193b9b623372304b3315385b6a9874a01681991e1dccd7d;db54d97ba4ee168a2df83bb9d9c379a37da456f0b9a4bca534d531a0df192eaf,0,0.007122900000000001,21.10053080700891,finished,21558,39,18048,0,0.0184029
trial-00046,46,defence-cannot-ground-itself/repeat-0,defence-cannot-ground-itself,0,20260924,rm_solo,19,relay-explicit,trial-00046,1,1,0,0,0,1,488e8b8c68d6da5fb9b1344a22fa502ed8a7202da919b0240496356ab0b10f67,0,0.0009862,10.810980352005572,finished,7012,279,5888,256,0.002311
trial-00047,47,defence-cannot-ground-itself/repeat-0,defence-cannot-ground-itself,0,20260924,rm_tool_l_evidence,20,relay-explicit,trial-00047,1,1,0,0,0,"1,1",a11b3e25f4bab2059c81ebfd593ff407172808fb2eccc9280a05b3c4049840bd;a203a1a9853fad0f591c90576f5472d41ff6f35e4150c5d3b8a8a9410e37928e,0,0.034359549999999996,35.456799826999486,finished,51800,393,32768,320,0.04940275
trial-00048,48,defence-cannot-ground-itself/repeat-0,defence-cannot-ground-itself,0,20260924,n_l_tool_n,21,relay-explicit,trial-00048,1,1,0,1,0,"0,1,1",15bacfdc32c3cef0c91bebdc4c4cb2746baef00a0a3e27ba51ae66f53a5d22b6;39cfb6c6b6a1f113fb79c1f144bc176865f3c691f4bdcad7928085e9203dd5a8;a8c8b09869339542662af4e2c6de1331e9097bd62d968c0be8e4900f817d1405,0,0.017456899999999997,30.490941665993887,finished,47877,55,23296,0,0.043828099999999995
trial-00049,49,defence-cannot-ground-itself/repeat-0,defence-cannot-ground-itself,0,20260924,l_tool_n_none,22,relay-explicit,trial-00049,0,1,1,0,1,"1,0",48185673bcf24de7c4629fcfaa10918c27e8c4e4ab164a2624893a4dcab80349;15bacfdc32c3cef0c91bebdc4c4cb2746baef00a0a3e27ba51ae66f53a5d22b6,0,0.0150653,20.995766275998903,finished,27074,41,23040,0,0.0410525
trial-00050,50,defence-cannot-ground-itself/repeat-0,defence-cannot-ground-itself,0,20260924,l_n_tool_l,23,relay-explicit,trial-00050,1,1,0,1,0,"0,1,1",ac0d170f2e85fe3d2835e1f100c9a4c237de91ae8fdedc9711373db0f78b0ddf;8a3993305267794117690acef2c33f0135cb91f2291d7cd27d1dc0d4850cf944;d3f31b624194e77293acb73d30ba72ddb1ebd6b279821542750a0af99472dfd3,0,0.037901899999999995,31.81929801599472,finished,47915,55,29312,0,0.0572459
trial-00051,51,defence-cannot-ground-itself/repeat-0,defence-cannot-ground-itself,0,20260924,n_solo,24,relay-explicit,trial-00051,0,1,1,0,0,0,15bacfdc32c3cef0c91bebdc4c4cb2746baef00a0a3e27ba51ae66f53a5d22b6,0,0.0002553,6.8903025969993905,finished,7013,13,6016,0,0.0007065000000000001
trial-00052,52,defence-cannot-ground-itself/repeat-0,defence-cannot-ground-itself,0,20260924,rn_tool_r_evidence,25,relay-explicit,trial-00052,1,1,0,0,0,"1,1",76ee54bee353ffc6d6e1d130fcf55a74324192e21af5e9eb3aae8858c1da86d8;f77aadb82944d6edeb10f4a74e7e1dcc02e5589247cf9a5b3706061eeb5937b3,0,0.02088184,32.31675988400093,finished,40544,453,15616,384,0.0286348
trial-00053,53,defence-cannot-ground-itself/repeat-0,defence-cannot-ground-itself,0,20260924,n_tool_solo,26,relay-explicit,trial-00053,1,1,0,0,0,1,17c7174218190ae068674e7e948e4cde63b5663a7536531b7eaa3d7142815d74,1,0.0007406000000000001,19.860032680997392,finished,20062,28,17024,0,0.0020174
trial-00054,54,defence-with-independent-subargument/repeat-1,defence-with-independent-subargument,1,20260925,n_l_answer,0,relay-explicit,trial-00054,0,1,0,0,0,"0,0",d6ee22b603ad5959d21ba6a4b9d0d38de9d2b5a599f5c9b28a145a9164f74000;75867bfbb37ca4cb34e3569d80d7375fa54a9bffd7011b4ee9eaaa30e16aa35b,0,0.0056757000000000005,14.576209719998587,finished,14212,26,12800,0,0.0152085
trial-00055,55,defence-with-independent-subargument/repeat-1,defence-with-independent-subargument,1,20260925,rn_solo,1,relay-explicit,trial-00055,1,1,0,0,0,1,43aafd4716d84556b1cb5ecff065ec31b12a83ea5509fb21c57dc68b888f945d,0,0.0004618,10.771495488996152,finished,7012,278,0,256,0.0004618
trial-00056,56,defence-with-independent-subargument/repeat-1,defence-with-independent-subargument,1,20260925,l_tool_n_evidence,2,relay-explicit,trial-00056,1,1,0,0,0,"1,1",7d5dffaaa9b6704dc498ea36fe0a61a57a5165198243476f35f29b24bb1a4666;3ddc0ec537e45f93557daac99142a901b2ac3b4f4e774a9f034ed0d3a5851af1,0,0.0163154,27.332261939998716,finished,40620,41,23040,0,0.0423026
trial-00057,57,defence-with-independent-subargument/repeat-1,defence-with-independent-subargument,1,20260925,l_tool_rm_evidence,3,relay-explicit,trial-00057,1,1,0,0,0,"1,1",7d5dffaaa9b6704dc498ea36fe0a61a57a5165198243476f35f29b24bb1a4666;cc4d58e893619ed21fe13d5719366dada10ca530dda577e3178f7574103fad2c,0,0.01857245,28.1981031779942,finished,40619,50,22912,0,0.04543325
trial-00058,58,defence-with-independent-subargument/repeat-1,defence-with-independent-subargument,1,20260925,r_solo,4,relay-explicit,trial-00058,1,1,0,0,0,1,7017f487160f4f4fcba59e772e48d2d122657e20ecff4a51dde34f724689e7f6,0,0.014745,20.64082517200586,finished,7012,598,0,576,0.014745
trial-00059,59,defence-with-independent-subargument/repeat-1,defence-with-independent-subargument,1,20260925,l_tool_n_transcript,5,relay-explicit,trial-00059,1,1,0,0,0,"1,1",7d5dffaaa9b6704dc498ea36fe0a61a57a5165198243476f35f29b24bb1a4666;3cfa1d8153f7b54c2f4f8e43fb8f742bc8100c715cf89f8ae2e8c070ac367118,0,0.0174632,26.9016931859951,finished,52098,41,23040,0,0.0434504
trial-00060,60,defence-with-independent-subargument/repeat-1,defence-with-independent-subargument,1,20260925,l_tool_solo,6,relay-explicit,trial-00060,1,1,0,0,0,1,7d5dffaaa9b6704dc498ea36fe0a61a57a5165198243476f35f29b24bb1a4666,1,0.014700000000000001,17.82164431399724,finished,20006,28,17024,0,0.040236
trial-00061,61,defence-with-independent-subargument/repeat-1,defence-with-independent-subargument,1,20260925,l_n_answer,7,relay-explicit,trial-00061,1,1,0,0,0,"1,1",06cbbfc0f45eb92aa7688368f287ccd8e5fef21ae4539d27e5c3b2da7857323c;3e823f77f0a6ff31d8dfdf9f894cffc8c0c69079e4424b8636566d5f45f41b1d,0,0.0042276,16.548886101008975,finished,14209,26,12800,0,0.0148548
trial-00062,62,defence-with-independent-subargument/repeat-1,defence-with-independent-subargument,1,20260925,l_l_answer,8,relay-explicit,trial-00062,1,1,0,0,0,"1,1",06cbbfc0f45eb92aa7688368f287ccd8e5fef21ae4539d27e5c3b2da7857323c;4a2a4ec104e1936d9f3214312720bb02aabaa5650a762fbfef3d619c2f5794ba,0,0.009426,16.380298496005707,finished,14209,26,12800,0,0.028626
trial-00063,63,defence-with-independent-subargument/repeat-1,defence-with-independent-subargument,1,20260925,n_n_answer,9,relay-explicit,trial-00063,0,1,0,0,0,"0,0",d6ee22b603ad5959d21ba6a4b9d0d38de9d2b5a599f5c9b28a145a9164f74000;fe2999abfe465c60cdf2de481a193aa7ff0486b80d98790889ae4b94e966b50d,0,0.0004716000000000001,15.003553922993888,finished,14212,26,12800,0,0.0014316000000000003
trial-00064,64,defence-with-independent-subargument/repeat-1,defence-with-independent-subargument,1,20260925,r_tool_solo,10,relay-explicit,trial-00064,1,1,0,0,0,1,874771e59a09a85c3afb8568abf9c1088e2f29a5f364b6cfa39a4a8ba496ddd9,1,0.00688525,19.77576461499848,finished,20201,165,17792,128,0.02690125
trial-00065,65,defence-with-independent-subargument/repeat-1,defence-with-independent-subargument,1,20260925,n_tool_l_evidence,11,relay-explicit,trial-00065,1,1,0,0,0,"1,1",a65eefcca3e04ed43e264d7d7d2b289c23be4c8e99db069f1435ea8c26ef17f0;b8e58a9f02c3a8f60d28828f70bad1cc3e1ad16c52832a64570d026bb5eaa689,0,0.042657600000000004,25.221225352994225,finished,40611,41,8960,0,0.0433296
trial-00066,66,defence-with-independent-subargument/repeat-1,defence-with-independent-subargument,1,20260925,m_solo,12,relay-explicit,trial-00066,0,1,0,0,0,0,1f5d853fe871284c3a59d3d7f7dab562177525457cd16101eed00e7b4ac18798,0,0.0007924000000000001,8.79255670800194,finished,7013,14,6784,0,0.0028276000000000004
trial-00067,67,defence-with-independent-subargument/repeat-1,defence-with-independent-subargument,1,20260925,r_tool_n_evidence,13,relay-explicit,trial-00067,1,1,0,0,0,"1,1",874771e59a09a85c3afb8568abf9c1088e2f29a5f364b6cfa39a4a8ba496ddd9;5a7f2103ff5f911f62b7de8e7660c05556f0531f435bfa31f01bfcd51ed0febf,0,0.00850045,28.340578835995984,finished,40813,178,23808,128,0.02896765
trial-00068,68,defence-with-independent-subargument/repeat-1,defence-with-independent-subargument,1,20260925,n_m_l,14,relay-explicit,trial-00068,0,1,0,0,0,"0,0,0",d6ee22b603ad5959d21ba6a4b9d0d38de9d2b5a599f5c9b28a145a9164f74000;ed51237198709a5f9717f3e8caae52eaa7109957e6e685420366bbebfc747585;055385c9fbe3b064088262b33196026c882232abf1c87c81badc65045fde1a7d,0,0.0070749,24.069727724003315,finished,21558,41,18816,0,0.0184125
trial-00069,69,defence-with-independent-subargument/repeat-1,defence-with-independent-subargument,1,20260925,rm_solo,15,relay-explicit,trial-00069,1,1,0,0,0,1,f01367e3a5c294fb954ed7c20c9e42ee2f3551194415e322757b28a54cbaaa22,0,0.0011122,12.519691379005963,finished,7012,342,5888,320,0.002437
trial-00070,70,defence-with-independent-subargument/repeat-1,defence-with-independent-subargument,1,20260925,rm_tool_l_evidence,16,relay-explicit,trial-00070,1,1,0,0,0,"1,1",4c52669e8decb3714393b71a4697e4fc10a42df2765b80207b52b9793245fe2d;d1c7f3e1376c1b97508478589ec31a39e164b02466351c38b0bd5e7a91ebc8d5,0,0.035127549999999994,52.06109794499935,finished,63407,295,43648,192,0.05261875
trial-00071,71,defence-with-independent-subargument/repeat-1,defence-with-independent-subargument,1,20260925,n_l_tool_n,17,relay-explicit,trial-00071,1,1,0,1,0,"0,1,1",d6ee22b603ad5959d21ba6a4b9d0d38de9d2b5a599f5c9b28a145a9164f74000;51fb7d5c8cbfbbbfd62a0fd86cd2bfc9d31e6da03b6049f7dda0e29f9855af79;4effa1090d456c363ac73b059c839b40ed19641d0c3ae6ec1bb3ba5de95bfcbb,0,0.030704600000000002,33.06694801500271,finished,48118,54,20864,0,0.0437606
trial-00072,72,defence-with-independent-subargument/repeat-1,defence-with-independent-subargument,1,20260925,l_tool_n_none,18,relay-explicit,trial-00072,0,1,0,0,1,"1,0",7d5dffaaa9b6704dc498ea36fe0a61a57a5165198243476f35f29b24bb1a4666;d6ee22b603ad5959d21ba6a4b9d0d38de9d2b5a599f5c9b28a145a9164f74000,0,0.014897700000000002,24.64765709099447,finished,27019,41,23808,0,0.0409425
trial-00073,73,defence-with-independent-subargument/repeat-1,defence-with-independent-subargument,1,20260925,l_n_tool_l,19,relay-explicit,trial-00073,1,1,0,0,0,"1,1,1",06cbbfc0f45eb92aa7688368f287ccd8e5fef21ae4539d27e5c3b2da7857323c;5ed9b843268a8fdc33f543c06712a626ad8b0dc2353057a244109b8a6820497d;b4f98301f9ffca13692388477997b48680f2ea90509ae6ec54f675e082090c2e,0,0.0372401,33.89070845200331,finished,48109,54,30080,0,0.0577361
trial-00074,74,defence-with-independent-subargument/repeat-1,defence-with-independent-subargument,1,20260925,n_solo,20,relay-explicit,trial-00074,0,1,0,0,0,0,d6ee22b603ad5959d21ba6a4b9d0d38de9d2b5a599f5c9b28a145a9164f74000,0,0.0001977,6.826012776997231,finished,7013,13,6784,0,0.0007065000000000001
trial-00075,75,defence-with-independent-subargument/repeat-1,defence-with-independent-subargument,1,20260925,rn_tool_r_evidence,21,relay-explicit,trial-00075,1,1,0,0,0,"1,1",ce93841c76061dbcd3bdb9e497625ef1776ff26bae7f73f9efc33497c027ad05;93e79389fd6d2369ea180ed4c7c757a6902d6b0f4793b9d491f5ba7923705f75,0,0.02316924,34.464305940004124,finished,40828,580,15616,512,0.0309222
trial-00076,76,defence-with-independent-subargument/repeat-1,defence-with-independent-subargument,1,20260925,n_tool_solo,22,relay-explicit,trial-00076,1,1,0,0,0,1,a65eefcca3e04ed43e264d7d7d2b289c23be4c8e99db069f1435ea8c26ef17f0,1,0.0013396,16.944068740995135,finished,20004,28,8960,0,0.0020116
trial-00077,77,defence-with-independent-subargument/repeat-1,defence-with-independent-subargument,1,20260925,l_tool_n_answer,23,relay-explicit,trial-00077,1,1,0,0,0,"1,1",7d5dffaaa9b6704dc498ea36fe0a61a57a5165198243476f35f29b24bb1a4666;9bc05eb8c4e90936d0d1543d5833dedd94ab2159a38c2f32f1e452447bcffef3,0,0.0149738,27.35770863599464,finished,27204,41,23040,0,0.040961000000000004
trial-00078,78,defence-with-independent-subargument/repeat-1,defence-with-independent-subargument,1,20260925,n_tool_r_evidence,24,relay-explicit,trial-00078,1,1,0,0,0,"1,1",a65eefcca3e04ed43e264d7d7d2b289c23be4c8e99db069f1435ea8c26ef17f0;362cb98a336666513876610cb490b27be0cae6c2de7caf3c1b418e4defb28221,0,0.033077100000000005,35.03130276299635,finished,40610,626,8960,576,0.033749100000000004
trial-00079,79,defence-with-independent-subargument/repeat-1,defence-with-independent-subargument,1,20260925,l_solo,25,relay-explicit,trial-00079,1,1,0,0,0,1,06cbbfc0f45eb92aa7688368f287ccd8e5fef21ae4539d27e5c3b2da7857323c,0,0.003954,8.696698586005368,finished,7013,13,6784,0,0.01413
trial-00080,80,defence-with-independent-subargument/repeat-1,defence-with-independent-subargument,1,20260925,r_tool_rn_evidence,26,relay-explicit,trial-00080,1,1,0,0,0,"1,1",874771e59a09a85c3afb8568abf9c1088e2f29a5f364b6cfa39a4a8ba496ddd9;594add03872cfad7e134da8b0b096f4374579ffcde181a09a47dbef4dfd54a85,0,0.0079502,29.42745489200024,finished,40812,251,17792,192,0.0279662
trial-00081,81,cold-room-calibration-reference-repair/repeat-1,cold-room-calibration-reference-repair,1,20260925,r_tool_rn_evidence,0,relay-explicit,trial-00081,1,1,0,0,0,"1,1",bf4a554c5feffccd0e937ddbbca5b36ab0e1a67ea6c81ba80f0bb5b457cc6224;cc2ad6f4491a4d55e9685a0848cc3d557f50b1f3c7f715a139c92f60b38945b3,0,0.023313050000000002,59.14528008100024,finished,58477,498,28032,384,0.054849049999999996
trial-00082,82,cold-room-calibration-reference-repair/repeat-1,cold-room-calibration-reference-repair,1,20260925,n_l_answer,1,relay-explicit,trial-00082,1,1,0,0,0,"1,1",45e72101e78fa0be49e3e241fc8eea644e577e389731d2ea50609b42209677b3;da67b3211dfa2df49595377f7a6a2f405f8040a30277d1efd9005491c7a43ef3,0,0.0149404,16.10880712200742,finished,13987,20,0,0,0.0149404
trial-00083,83,cold-room-calibration-reference-repair/repeat-1,cold-room-calibration-reference-repair,1,20260925,rn_solo,2,relay-explicit,trial-00083,1,1,0,0,0,1,b5f0e00a69c423b4d06ab98b7019680ec95d02a48fc19f55b848ab803fda5134,0,0.00013003,9.771062162995804,finished,6903,211,6656,192,0.00042955000000000006
trial-00084,84,cold-room-calibration-reference-repair/repeat-1,cold-room-calibration-reference-repair,1,20260925,l_tool_n_evidence,3,relay-explicit,trial-00084,1,1,0,0,0,"1,1",33b098e3d1f10aab164fb2ea9c63841bc6624d121fff44f2af8da7f6d986e1a2;954fda09f084705b9b884f1e17807acb24d4e99608996234419b03d190bc9011,0,0.0389229,47.61773234599241,finished,58125,83,33920,0,0.0812301
trial-00085,85,cold-room-calibration-reference-repair/repeat-1,cold-room-calibration-reference-repair,1,20260925,l_tool_rm_evidence,4,relay-explicit,trial-00085,1,1,0,0,0,"1,1",33b098e3d1f10aab164fb2ea9c63841bc6624d121fff44f2af8da7f6d986e1a2;cf32885379cb5841627abd88abd5924f2377107016c84a1c05355049160bfa9f,0,0.042219,47.22203145299136,finished,58124,92,27904,0,0.08407500000000001
trial-00086,86,cold-room-calibration-reference-repair/repeat-1,cold-room-calibration-reference-repair,1,20260925,r_solo,5,relay-explicit,trial-00086,1,1,0,0,0,1,3dd2624e6b6637cbb76da4eb4624a27ccdb761a1fa9235a31e0a52f7c44d6e86,0,0.01329875,37.65447413500078,finished,6903,467,0,448,0.01329875
trial-00087,87,cold-room-calibration-reference-repair/repeat-1,cold-room-calibration-reference-repair,1,20260925,l_tool_n_transcript,6,relay-explicit,trial-00087,0,1,0,0,1,"1,0",33b098e3d1f10aab164fb2ea9c63841bc6624d121fff44f2af8da7f6d986e1a2;b518e1d4ba87e582ead61d608d4d51f00ce4f5f8ba4465f2f1a7cde7e68755b0,0,0.0400843,46.931296287992154,finished,69739,83,33920,0,0.0823915
trial-00088,88,cold-room-calibration-reference-repair/repeat-1,cold-room-calibration-reference-repair,1,20260925,l_tool_solo,7,relay-explicit,trial-00088,1,1,0,0,0,1,33b098e3d1f10aab164fb2ea9c63841bc6624d121fff44f2af8da7f6d986e1a2,1,0.037496,37.44095442899561,finished,39384,73,27904,0,0.079352
trial-00089,89,cold-room-calibration-reference-repair/repeat-1,cold-room-calibration-reference-repair,1,20260925,l_n_answer,8,relay-explicit,trial-00089,1,1,0,0,0,"1,1",83d39b089d08c7ef20698d617ac2803e65c735f8857ff786dfe9f963fe0fa0d3;908d6e15311fe98f8d00e91c1988b2dbcc58ba663ac11062beca4681677b68b8,0,0.0051249,18.268997211998794,finished,13985,20,12032,0,0.0146001
trial-00090,90,cold-room-calibration-reference-repair/repeat-1,cold-room-calibration-reference-repair,1,20260925,l_l_answer,9,relay-explicit,trial-00090,1,1,0,0,0,"1,1",83d39b089d08c7ef20698d617ac2803e65c735f8857ff786dfe9f963fe0fa0d3;0fab18f92b3c7f9e523e55fa32246edd9a026c9987fac5f5ecb6adc992d3d58f,0,0.010082,18.04608321499836,finished,13985,20,12032,0,0.02813
trial-00091,91,cold-room-calibration-reference-repair/repeat-1,cold-room-calibration-reference-repair,1,20260925,n_n_answer,10,relay-explicit,trial-00091,1,1,0,0,0,"1,1",45e72101e78fa0be49e3e241fc8eea644e577e389731d2ea50609b42209677b3;4b24d1d09bc2f98b7c3b36359161399d001fa823c4f62476114d4900db376be0,0,0.0009555000000000001,15.801309393005795,finished,13987,20,6016,0,0.0014067
trial-00092,92,cold-room-calibration-reference-repair/repeat-1,cold-room-calibration-reference-repair,1,20260925,r_tool_solo,11,relay-explicit,trial-00092,1,1,0,0,0,1,bf4a554c5feffccd0e937ddbbca5b36ab0e1a67ea6c81ba80f0bb5b457cc6224,1,0.02234525,48.868442332000996,finished,39785,415,28032,320,0.05388125
trial-00093,93,cold-room-calibration-reference-repair/repeat-1,cold-room-calibration-reference-repair,1,20260925,n_tool_l_evidence,12,relay-explicit,trial-00093,0,1,0,0,0,"0,0",31b85bca15ffe84d3d409e6cfb6d72dbcf0365429efb13c092ed932f55af051e;dab4049e9f6f711c5b06520f24d0fecb74a938c0adbfa092604d4c2bde023dc8,0,0.032958100000000004,122.71614650500123,finished,75557,3862,49536,0,0.0366733
trial-00094,94,cold-room-calibration-reference-repair/repeat-1,cold-room-calibration-reference-repair,1,20260925,m_solo,13,relay-explicit,trial-00094,1,1,0,0,0,1,678c114210eec3800235fff8edb1bd741839fd3874f3205a15828b068b9912aa,0,0.0027776000000000003,8.70446365299722,finished,6904,10,0,0,0.0027776000000000003
trial-00095,95,cold-room-calibration-reference-repair/repeat-1,cold-room-calibration-reference-repair,1,20260925,r_tool_n_evidence,14,relay-explicit,trial-00095,1,1,0,0,0,"1,1",bf4a554c5feffccd0e937ddbbca5b36ab0e1a67ea6c81ba80f0bb5b457cc6224;e986b56d0fc633894cb7a2ef959f3305e5711c27864cbd8a55acf969e5002604,0,0.02376735,60.28027452399692,finished,58478,425,34048,320,0.05575455
trial-00096,96,cold-room-calibration-reference-repair/repeat-1,cold-room-calibration-reference-repair,1,20260925,n_m_l,15,relay-explicit,trial-00096,1,1,0,0,0,"1,1,1",45e72101e78fa0be49e3e241fc8eea644e577e389731d2ea50609b42209677b3;54db31d33d9e64a231a00bd643c3d50f09f3c82d0b6fa7456d708329a3d3ca9e;e1b60fdd7b9d1eff338fa0ba1c70e9cdd0e1de0e18d98bcffeb894e546295f50,0,0.0072348,25.222895000006247,finished,21207,30,12032,0,0.0180636
trial-00097,97,cold-room-calibration-reference-repair/repeat-1,cold-room-calibration-reference-repair,1,20260925,rm_solo,16,relay-explicit,trial-00097,0,1,0,0,0,0,29e22049674397fdce3735e02f14cd1ec55b8d8762c90f96214238b3f4c88752,0,0.00082295,12.256026767005096,finished,6903,211,5888,192,0.00214775
trial-00098,98,cold-room-calibration-reference-repair/repeat-1,cold-room-calibration-reference-repair,1,20260925,rm_tool_l_evidence,17,relay-explicit,trial-00098,1,1,0,0,0,"1,1",0a788ce5daab128061cdc4174bac2fbb61de8279fe398836208cc09f52d7c4aa;13150cfc9c85718c505af5ebd660c688b50bf2bdbf1c4d9ddaa23a0529c3da97,0,0.041990650000000004,51.062215457001,finished,58619,209,26496,64,0.04795225
trial-00099,99,cold-room-calibration-reference-repair/repeat-1,cold-room-calibration-reference-repair,1,20260925,n_l_tool_n,18,relay-explicit,trial-00099,1,1,0,0,0,"1,1,1",45e72101e78fa0be49e3e241fc8eea644e577e389731d2ea50609b42209677b3;f80df7d67025a94795510a4e9cf74b2e703e7e5c486b4ecbc6ca754db82784f6;2a3d1520186ca4d295ae9406e9c0cbecc31fb0889f1aa58008b935c569b3a087,0,0.0423776,52.31283436201193,finished,65816,93,33024,0,0.08334079999999999
trial-00100,100,cold-room-calibration-reference-repair/repeat-1,cold-room-calibration-reference-repair,1,20260925,l_tool_n_none,19,relay-explicit,trial-00100,1,1,0,0,0,"1,1",33b098e3d1f10aab164fb2ea9c63841bc6624d121fff44f2af8da7f6d986e1a2;45e72101e78fa0be49e3e241fc8eea644e577e389731d2ea50609b42209677b3,0,0.0381904,45.420778548999806,finished,46288,83,27904,0,0.0800464
trial-00101,101,cold-room-calibration-reference-repair/repeat-1,cold-room-calibration-reference-repair,1,20260925,l_n_tool_l,20,relay-explicit,trial-00101,1,1,0,1,1,"1,0,1",83d39b089d08c7ef20698d617ac2803e65c735f8857ff786dfe9f963fe0fa0d3;bccb03f13cedab550d2b357be77c0429654a77f676c5614f2de1fe2a7e71490c;c025698f97e1deb8ece7abc537205fa0c5eb0fc2aad86960ae0b953268fb573e,0,0.0272375,83.83836359999987,finished,84706,697,71552,0,0.0497495
trial-00102,102,cold-room-calibration-reference-repair/repeat-1,cold-room-calibration-reference-repair,1,20260925,n_solo,21,relay-explicit,trial-00102,1,1,0,0,0,1,45e72101e78fa0be49e3e241fc8eea644e577e389731d2ea50609b42209677b3,0,0.0006944000000000001,7.979824120004196,finished,6904,10,0,0,0.0006944000000000001
trial-00103,103,cold-room-calibration-reference-repair/repeat-1,cold-room-calibration-reference-repair,1,20260925,rn_tool_r_evidence,22,relay-explicit,trial-00103,1,1,0,0,0,"1,1",24b4f256c9de0509de7212c66940c5908ace91b17e58988fd5fef633c914dcb6;b6f8ea7712e463797d79329ca1c9a39195112cd837ad2a3d10664be8637ae4fd,0,0.02576026,54.7147957950001,finished,58466,633,28032,512,0.0270217
trial-00104,104,cold-room-calibration-reference-repair/repeat-1,cold-room-calibration-reference-repair,1,20260925,n_tool_solo,23,relay-explicit,trial-00104,0,0,0,0,0,0,31b85bca15ffe84d3d409e6cfb6d72dbcf0365429efb13c092ed932f55af051e,0,0.0039341,114.51331299500453,repair_budget_exhausted,61085,3852,49536,0,0.0076493
trial-00105,105,cold-room-calibration-reference-repair/repeat-1,cold-room-calibration-reference-repair,1,20260925,l_tool_n_answer,24,relay-explicit,trial-00105,1,1,0,0,0,"1,1",33b098e3d1f10aab164fb2ea9c63841bc6624d121fff44f2af8da7f6d986e1a2;fafb100a1459619718eb9a8daeb77a49bad07db68a359dd6c45cd4345f9ae7ec,0,0.0377566,46.65496415999951,finished,46462,83,33920,0,0.0800638
trial-00106,106,cold-room-calibration-reference-repair/repeat-1,cold-room-calibration-reference-repair,1,20260925,n_tool_r_evidence,25,relay-explicit,trial-00106,1,1,0,1,0,"0,1",31b85bca15ffe84d3d409e6cfb6d72dbcf0365429efb13c092ed932f55af051e;1ed04db2c45ada7f21ba66053d4195d3f5e5695181c939e6f6bd6a195797cd6c,0,0.02048485,131.36144286400668,finished,75556,4447,56192,576,0.03168805
trial-00107,107,cold-room-calibration-reference-repair/repeat-1,cold-room-calibration-reference-repair,1,20260925,l_solo,26,relay-explicit,trial-00107,1,1,0,0,0,1,83d39b089d08c7ef20698d617ac2803e65c735f8857ff786dfe9f963fe0fa0d3,0,0.004864,10.055830236000475,finished,6904,10,6016,0,0.013888
trial-00108,108,defence-with-independent-subargument/repeat-0,defence-with-independent-subargument,0,20260924,r_tool_rn_evidence,0,relay-explicit,trial-00108,1,1,0,0,0,"1,1",ed02254868ef443c796574b030615ea00152b4880e0b6a0e657afcc57e31ed0c;a728dfdcf5d439419efbd37c616da8bdca01211c031039f785ba0a3b7c73ccd0,0,0.0171262,37.18988830800663,finished,40804,251,9088,192,0.027350199999999998
trial-00109,109,defence-with-independent-subargument/repeat-0,defence-with-independent-subargument,0,20260924,n_l_answer,1,relay-explicit,trial-00109,0,1,0,0,0,"0,0",9afef5f1037062af4d2130934b1a41d13bd318f8b1d5d34854c11a1017ef6cc3;ab4864f49cb52734e7dc40f19337c8e09b0ad60a699179782d5da2963a2d8721,0,0.0046485,18.719174343001214,finished,14212,26,7040,0,0.0152085
trial-00110,110,defence-with-independent-subargument/repeat-0,defence-with-independent-subargument,0,20260924,rn_solo,2,relay-explicit,trial-00110,0,1,0,0,0,0,7368c6b2069058fda49788664aae8694f51fe56cfefb9cc66634a8eeaeff3fd4,0,0.00030220000000000003,14.106341635000717,finished,7012,599,6400,576,0.0005902
trial-00111,111,defence-with-independent-subargument/repeat-0,defence-with-independent-subargument,0,20260924,l_tool_n_evidence,3,relay-explicit,trial-00111,1,1,0,0,0,"1,1",2f476de9437fe4977db2e4b98405b36aa53d2ad1c039f86a11464a0acacf2f3c;a43798998a62d41f02527a700718057c4e2d60fa1ce0c89439b31e872fdfac04,0,0.017658899999999998,27.32354939099605,finished,40615,41,22144,0,0.0423021
trial-00112,112,defence-with-independent-subargument/repeat-0,defence-with-independent-subargument,0,20260924,l_tool_rm_evidence,4,relay-explicit,trial-00112,1,1,0,0,0,"1,1",2f476de9437fe4977db2e4b98405b36aa53d2ad1c039f86a11464a0acacf2f3c;6396f477e1495cacb7bf8e061e0fee6184e535802f8e47e12c5e39ef8631ff1f,0,0.020043199999999997,27.34162488099537,finished,40614,114,22016,64,0.04556
trial-00113,113,defence-with-independent-subargument/repeat-0,defence-with-independent-subargument,0,20260924,r_solo,5,relay-explicit,trial-00113,1,1,0,0,0,1,c97371ed6c545af0faf4aa72413618816d0824477447df9e44c3928a4c5f907b,0,0.008825,20.261144693999086,finished,7012,726,6400,704,0.016025
trial-00114,114,defence-with-independent-subargument/repeat-0,defence-with-independent-subargument,0,20260924,l_tool_n_transcript,6,relay-explicit,trial-00114,1,1,0,0,0,"1,1",2f476de9437fe4977db2e4b98405b36aa53d2ad1c039f86a11464a0acacf2f3c;84ce729e3caacd454e837c1f01906304a170ca2ab41bcca41cd5e18db4d914e6,0,0.0188067,28.21194548299536,finished,52093,41,22144,0,0.0434499
trial-00115,115,defence-with-independent-subargument/repeat-0,defence-with-independent-subargument,0,20260924,l_tool_solo,7,relay-explicit,trial-00115,1,1,0,0,0,1,2f476de9437fe4977db2e4b98405b36aa53d2ad1c039f86a11464a0acacf2f3c,1,0.016044,18.2416244049964,finished,20006,28,16128,0,0.040236
trial-00116,116,defence-with-independent-subargument/repeat-0,defence-with-independent-subargument,0,20260924,l_n_answer,8,relay-explicit,trial-00116,1,1,0,0,0,"1,1",56fdad3b55f0cee42aaf1209db89f5c0ff093537cf8fe2dcd8c69a3c1e101041;5d0924e7af64ad60c742b22414369912a2056263738da926e8c08278d4762c79,0,0.0042276,18.37593566799478,finished,14209,26,12800,0,0.0148548
trial-00117,117,defence-with-independent-subargument/repeat-0,defence-with-independent-subargument,0,20260924,l_l_answer,9,relay-explicit,trial-00117,1,1,0,0,0,"1,1",56fdad3b55f0cee42aaf1209db89f5c0ff093537cf8fe2dcd8c69a3c1e101041;9710563b3bc4ef291bb12c1f30b8908917bdd664a597425d1df57c2f6da991c0,0,0.007890000000000001,17.63530890599941,finished,14209,26,13824,0,0.028626
trial-00118,118,defence-with-independent-subargument/repeat-0,defence-with-independent-subargument,0,20260924,n_n_answer,10,relay-explicit,trial-00118,0,1,0,0,0,"0,0",9afef5f1037062af4d2130934b1a41d13bd318f8b1d5d34854c11a1017ef6cc3;a82e772b39ad43d505aec6e5b21708d38475e5d74b421c909df5d4beb079b540,0,0.0009804000000000002,16.787568072992144,finished,14212,26,6016,0,0.0014316000000000003
trial-00119,119,defence-with-independent-subargument/repeat-0,defence-with-independent-subargument,0,20260924,r_tool_solo,11,relay-explicit,trial-00119,1,1,0,0,0,1,ed02254868ef443c796574b030615ea00152b4880e0b6a0e657afcc57e31ed0c,1,0.016036,26.264253038003517,finished,20200,101,9088,64,0.02626
trial-00120,120,defence-with-independent-subargument/repeat-0,defence-with-independent-subargument,0,20260924,n_tool_l_evidence,12,relay-explicit,trial-00120,1,1,0,0,0,"1,1",90b4668eade105cb0d2d14d1c1db756a27c9511f7856681071e5cabe49246718;d1dd127febe3200c3e39a27dd8122ed1d5b1a5b3fb3c1127c6ae9f08d6950436,0,0.0336474,27.728678881001542,finished,40616,41,14976,0,0.043343400000000004
trial-00121,121,defence-with-independent-subargument/repeat-0,defence-with-independent-subargument,0,20260924,m_solo,13,relay-explicit,trial-00121,0,1,0,0,0,0,b09fc36dd6c384e23c282413d2fe7bc28492f986c42e2a33c5573fb4f11a26be,0,0.0007924000000000001,8.1375463689983,finished,7013,14,6784,0,0.0028276000000000004
trial-00122,122,defence-with-independent-subargument/repeat-0,defence-with-independent-subargument,0,20260924,r_tool_n_evidence,14,relay-explicit,trial-00122,1,1,0,0,0,"1,1",ed02254868ef443c796574b030615ea00152b4880e0b6a0e657afcc57e31ed0c;9eaa0aad032b7fb5d45ce9d837b6f01bc6dfd863cac57d76094df85263155c15,0,0.017650500000000003,34.62724827900092,finished,40805,114,15104,64,0.0283257
trial-00123,123,defence-with-independent-subargument/repeat-0,defence-with-independent-subargument,0,20260924,n_m_l,15,relay-explicit,trial-00123,0,1,0,0,0,"0,0,0",9afef5f1037062af4d2130934b1a41d13bd318f8b1d5d34854c11a1017ef6cc3;e10fcff06f027f5bf2e0a7d7c6445e68c65058bcf5f9da3623ed733cee84b44a;1aae5da8228a4ba138863567ecb001715f6957e5552595c7eea81d1dbe5f5455,0,0.0055485000000000005,26.474160105994088,finished,21558,41,14208,0,0.0184125
trial-00124,124,defence-with-independent-subargument/repeat-0,defence-with-independent-subargument,0,20260924,rm_solo,16,relay-explicit,trial-00124,1,1,0,0,0,1,a1ee87f314728f823770e04a1944ba5dd880c16baacb4613f1971a7ec538f058,0,0.0011378,13.964471549996233,finished,7012,470,6912,448,0.002693
trial-00125,125,defence-with-independent-subargument/repeat-0,defence-with-independent-subargument,0,20260924,rm_tool_l_evidence,17,relay-explicit,trial-00125,1,1,0,0,0,"1,1",1c992166f39d6e47e2675e48b90aabe75ca4dddfcaa724761b3cd3a49ba20e35;91e8043520ad32354903d51c68041a76c5a385c7342ad2c768c94578eb634f22,0,0.0342018,39.150015254999744,finished,51985,272,34688,192,0.049677
trial-00126,126,defence-with-independent-subargument/repeat-0,defence-with-independent-subargument,0,20260924,n_l_tool_n,18,relay-explicit,trial-00126,1,1,0,1,0,"0,1,1",9afef5f1037062af4d2130934b1a41d13bd318f8b1d5d34854c11a1017ef6cc3;6d0a2f6ff8012f8349747635e633fef86bf2ad913bfcb924133136ec055890aa;c6970533733ef3a55d99f8752ab8248df8cd73856f2af414bac36499bf1679e9,0,0.0158743,35.159686734994466,finished,48156,54,24320,0,0.0437815
trial-00127,127,defence-with-independent-subargument/repeat-0,defence-with-independent-subargument,0,20260924,l_tool_n_none,19,relay-explicit,trial-00127,0,1,0,0,1,"1,0",2f476de9437fe4977db2e4b98405b36aa53d2ad1c039f86a11464a0acacf2f3c;9afef5f1037062af4d2130934b1a41d13bd318f8b1d5d34854c11a1017ef6cc3,0,0.016750499999999998,27.30043136999302,finished,27019,41,16128,0,0.0409425
trial-00128,128,defence-with-independent-subargument/repeat-0,defence-with-independent-subargument,0,20260924,l_n_tool_l,20,relay-explicit,trial-00128,1,1,0,0,0,"1,1,1",56fdad3b55f0cee42aaf1209db89f5c0ff093537cf8fe2dcd8c69a3c1e101041;6af76081fe4e2ed5cea5622b6e385329ab2e884fed6df2f57a2b92040a4947d6;b26d638484d13a9a332924baf1acfbbb308f1cd7a066638005e4ed468f396d71,0,0.037284700000000004,37.51579511899763,finished,48137,54,30080,0,0.0577807
trial-00129,129,defence-with-independent-subargument/repeat-0,defence-with-independent-subargument,0,20260924,n_solo,21,relay-explicit,trial-00129,0,1,0,0,0,0,9afef5f1037062af4d2130934b1a41d13bd318f8b1d5d34854c11a1017ef6cc3,0,0.0007065000000000001,9.05880696499662,finished,7013,13,0,0,0.0007065000000000001
trial-00130,130,defence-with-independent-subargument/repeat-0,defence-with-independent-subargument,0,20260924,rn_tool_r_evidence,22,relay-explicit,trial-00130,1,1,0,0,0,"1,1",0243ff31ceb069f1df9b38ed16df11a2772ad5885fea204c457323f4109c7872;3d60cbb49c68c377aa404946e8bd4d6b656c23e4a5ae421f2204407046eff37c,0,0.02267724,36.62714827400487,finished,40836,516,15488,448,0.0302862
trial-00131,131,defence-with-independent-subargument/repeat-0,defence-with-independent-subargument,0,20260924,n_tool_solo,23,relay-explicit,trial-00131,1,1,0,0,0,1,90b4668eade105cb0d2d14d1c1db756a27c9511f7856681071e5cabe49246718,1,0.0013394000000000001,18.430822071000875,finished,20002,28,8960,0,0.0020114
trial-00132,132,defence-with-independent-subargument/repeat-0,defence-with-independent-subargument,0,20260924,l_tool_n_answer,24,relay-explicit,trial-00132,1,1,0,0,0,"1,1",2f476de9437fe4977db2e4b98405b36aa53d2ad1c039f86a11464a0acacf2f3c;36897026393ff6a09ac0dac4719d582b6d33db9a6cb2e3a1cd16f51671f1d144,0,0.0163178,27.984447417999036,finished,27204,41,22144,0,0.040961000000000004
trial-00133,133,defence-with-independent-subargument/repeat-0,defence-with-independent-subargument,0,20260924,n_tool_r_evidence,25,relay-explicit,trial-00133,1,1,0,0,0,"1,1",90b4668eade105cb0d2d14d1c1db756a27c9511f7856681071e5cabe49246718;c803a29d8d994f9d6ef9cf7908af6e8aff221dbe18c82e3c8e019938d24c1323,0,0.02190165,31.546286015996884,finished,40615,242,15488,192,0.02991765
trial-00134,134,defence-with-independent-subargument/repeat-0,defence-with-independent-subargument,0,20260924,l_solo,26,relay-explicit,trial-00134,1,1,0,0,0,1,56fdad3b55f0cee42aaf1209db89f5c0ff093537cf8fe2dcd8c69a3c1e101041,0,0.003954,9.036103541999182,finished,7013,13,6784,0,0.01413
trial-00135,135,defence-cannot-ground-itself/repeat-1,defence-cannot-ground-itself,1,20260925,n_tool_r_evidence,0,relay-explicit,trial-00135,1,1,0,0,0,"1,1",a3738b17e90b955b52164be1d8a0776e3e04ba9d55ed1fd6ec8b6a874829d3b7;765cddd57e44d248ee516553fa68a78c86c817048074bf08d288f39c2d8894da,0,0.02094425,32.35047431800194,finished,40370,243,23552,192,0.029565050000000002
trial-00136,136,defence-cannot-ground-itself/repeat-1,defence-cannot-ground-itself,1,20260925,l_solo,1,relay-explicit,trial-00136,0,1,1,0,0,0,98dd217d6c240003abac1d6ea51a552ddc5d917862e2154ffc624b63e6435250,0,0.003954,9.05801820600027,finished,7013,13,6784,0,0.01413
trial-00137,137,defence-cannot-ground-itself/repeat-1,defence-cannot-ground-itself,1,20260925,r_tool_rn_evidence,2,relay-explicit,trial-00137,1,1,0,0,0,"1,1",a535b0ed4ba1203fa2dcba3e6da7adb4ade8f2eb971732780399badc2c7be0e2;f35277b7d56c77336c64fe8cbe66f9d58f833309bebb8aa5482d8e768fc9fdba,0,0.0135211,71.58952217999467,finished,63174,424,39552,320,0.058017099999999995
trial-00138,138,defence-cannot-ground-itself/repeat-1,defence-cannot-ground-itself,1,20260925,n_l_answer,3,relay-explicit,trial-00138,0,1,1,0,0,"0,0",ba6a3fcbea4d6403d7b8e3762cdf1ba5ff9e61597aeaa1a68a165b6e6c33520f;29b9f09d7e65b4c7fdee1c605bd225c63c186f96253f92f40350989d103efc8d,0,0.0056757000000000005,15.725617965996207,finished,14212,26,12800,0,0.0152085
trial-00139,139,defence-cannot-ground-itself/repeat-1,defence-cannot-ground-itself,1,20260925,rn_solo,4,relay-explicit,trial-00139,1,1,0,0,0,1,45e6d3bbf7a310a52ca8180c727f3e437e622d037aeb368f526d13a7cfd1ce4a,0,0.0002766,10.642757314999471,finished,7012,535,6400,512,0.0005646000000000001
trial-00140,140,defence-cannot-ground-itself/repeat-1,defence-cannot-ground-itself,1,20260925,l_tool_n_evidence,5,relay-explicit,trial-00140,1,1,0,0,0,"1,1",c2e97e8e2df57eb4770f8b7da8a326e14bc0c0f911463b5dac8120f8532a4aab;84aa1a417277c8e5008be14af7eaef8603b9dbc4bb62670ce488d0b50550204a,0,0.0177403,25.641541413002415,finished,40399,42,22144,0,0.0423835
trial-00141,141,defence-cannot-ground-itself/repeat-1,defence-cannot-ground-itself,1,20260925,l_tool_rm_evidence,6,relay-explicit,trial-00141,1,1,0,0,0,"1,1",c2e97e8e2df57eb4770f8b7da8a326e14bc0c0f911463b5dac8120f8532a4aab;fab270e7910b89925aa94f5e85b46536225dc33bde39e6cc0bb5db8111f08ad8,0,0.020085699999999998,25.276916857001197,finished,40398,115,22016,64,0.0456025
trial-00142,142,defence-cannot-ground-itself/repeat-1,defence-cannot-ground-itself,1,20260925,r_solo,7,relay-explicit,trial-00142,1,1,0,0,0,1,e2065371626caf27ba3b0daced0219dacbe9b34c8fb51e6c3f0f8992b8f2770d,0,0.007123,16.81032040900027,finished,7012,599,6784,576,0.014755
trial-00143,143,defence-cannot-ground-itself/repeat-1,defence-cannot-ground-itself,1,20260925,l_tool_n_transcript,8,relay-explicit,trial-00143,1,1,0,0,0,"1,1",c2e97e8e2df57eb4770f8b7da8a326e14bc0c0f911463b5dac8120f8532a4aab;7234a29e2ada97bbc89692a737be8ef8401dfe88bb1b0f3b2ee18d000239c673,0,0.018893899999999998,26.027862470007676,finished,51935,42,22144,0,0.043537099999999995
trial-00144,144,defence-cannot-ground-itself/repeat-1,defence-cannot-ground-itself,1,20260925,l_tool_solo,9,relay-explicit,trial-00144,1,1,0,0,0,1,c2e97e8e2df57eb4770f8b7da8a326e14bc0c0f911463b5dac8120f8532a4aab,1,0.016152,16.579126684002404,finished,20060,28,16128,0,0.040344
trial-00145,145,defence-cannot-ground-itself/repeat-1,defence-cannot-ground-itself,1,20260925,l_n_answer,10,relay-explicit,trial-00145,0,1,1,0,0,"0,0",98dd217d6c240003abac1d6ea51a552ddc5d917862e2154ffc624b63e6435250;8b256f4ea59d8a8dc2c82c1a34389d6871674185447325656c9157cf1661dd5f,0,0.0042276,16.886280367005384,finished,14209,26,12800,0,0.0148548
trial-00146,146,defence-cannot-ground-itself/repeat-1,defence-cannot-ground-itself,1,20260925,l_l_answer,11,relay-explicit,trial-00146,0,1,1,0,0,"0,0",98dd217d6c240003abac1d6ea51a552ddc5d917862e2154ffc624b63e6435250;c5d762b3421742c4e1bb170d392389b4fc118f7e9f4c6e168175d8cafc252012,0,0.009426,17.571919175999938,finished,14209,26,12800,0,0.028626
trial-00147,147,defence-cannot-ground-itself/repeat-1,defence-cannot-ground-itself,1,20260925,n_n_answer,12,relay-explicit,trial-00147,0,1,1,0,0,"0,0",ba6a3fcbea4d6403d7b8e3762cdf1ba5ff9e61597aeaa1a68a165b6e6c33520f;be7f007eb7f464efdf583cc3765589fb1c12f8930d5eb44e02c1769fe8408ae4,0,0.0004716000000000001,14.85966185599682,finished,14212,26,12800,0,0.0014316000000000003
trial-00148,148,defence-cannot-ground-itself/repeat-1,defence-cannot-ground-itself,1,20260925,r_tool_solo,13,relay-explicit,trial-00148,1,1,0,0,0,1,a535b0ed4ba1203fa2dcba3e6da7adb4ade8f2eb971732780399badc2c7be0e2,1,0.0124715,62.35604911099654,finished,42878,337,39552,256,0.0569675
trial-00149,149,defence-cannot-ground-itself/repeat-1,defence-cannot-ground-itself,1,20260925,n_tool_l_evidence,14,relay-explicit,trial-00149,1,1,0,0,0,"1,1",a3738b17e90b955b52164be1d8a0776e3e04ba9d55ed1fd6ec8b6a874829d3b7;2d1cf8171d3da4f3c59574fd09fe4747aadaed888bb273ae50aa529073ce22ec,0,0.032467499999999996,33.152929249998124,finished,40371,42,23040,0,0.042768299999999995
trial-00150,150,defence-cannot-ground-itself/repeat-1,defence-cannot-ground-itself,1,20260925,m_solo,15,relay-explicit,trial-00150,1,1,0,0,0,1,5353c642e67e31b703aed236bd7a64b0a707910a55b2a20c559e34924051985c,0,0.0007924000000000001,8.111506676003046,finished,7013,14,6784,0,0.0028276000000000004
trial-00151,151,defence-cannot-ground-itself/repeat-1,defence-cannot-ground-itself,1,20260925,r_tool_n_evidence,16,relay-explicit,trial-00151,1,1,0,0,0,"1,1",a535b0ed4ba1203fa2dcba3e6da7adb4ade8f2eb971732780399badc2c7be0e2;57fa7bb9ff6d8a162310bc172a0c7ef90f499adcac9864c9b2c68464431ce3c7,0,0.0145068,70.62244877299963,finished,63175,351,39552,256,0.059002799999999994
trial-00152,152,defence-cannot-ground-itself/repeat-1,defence-cannot-ground-itself,1,20260925,n_m_l,17,relay-explicit,trial-00152,0,1,1,0,0,"0,0,0",ba6a3fcbea4d6403d7b8e3762cdf1ba5ff9e61597aeaa1a68a165b6e6c33520f;7c4c80c5fa5171f9707b62a6a87955237c146c35bace05d6e5e9a72345439fdc;ca6098ba961dac636da9adeab63bc1dc9793dbb2ee68c9c1b9ec1b5e49241454,0,0.0067581,22.496697555994615,finished,21558,39,19840,0,0.0184029
trial-00153,153,defence-cannot-ground-itself/repeat-1,defence-cannot-ground-itself,1,20260925,rm_solo,18,relay-explicit,trial-00153,1,1,0,0,0,1,fd5d343fe0f8a511ec7e0660db5fd801cf8dfa66e5ee74895c69c3d27b0d3ead,0,0.0008837999999999999,13.403278873993258,finished,7012,343,6912,320,0.002439
trial-00154,154,defence-cannot-ground-itself/repeat-1,defence-cannot-ground-itself,1,20260925,rm_tool_l_evidence,19,relay-explicit,trial-00154,1,1,0,0,0,"1,1",a856ce5abc564f8e060e77cb3d1c28777b1b014d189e3e9d4ddbd1a2ea5d7c49;431620d24ebdee088be3ef80f5e3685d708327ab3b8954314255e469bd46fcb6,0,0.03427365,42.19294782400539,finished,63215,286,44672,192,0.05199525000000001
trial-00155,155,defence-cannot-ground-itself/repeat-1,defence-cannot-ground-itself,1,20260925,n_l_tool_n,20,relay-explicit,trial-00155,1,1,0,1,0,"0,1,1",ba6a3fcbea4d6403d7b8e3762cdf1ba5ff9e61597aeaa1a68a165b6e6c33520f;1f121c76f7ade6a9a7b09ba7555fa034c8e8d0dd8414c867d436f47f065ffc9f;4da4eee91c3fcf1a0a74a9d4bc80f713dfaaa84821593f0054bc6e63a17b0985,0,0.0169552,30.182448888997897,finished,47891,55,30080,0,0.043835200000000005
trial-00156,156,defence-cannot-ground-itself/repeat-1,defence-cannot-ground-itself,1,20260925,l_tool_n_none,21,relay-explicit,trial-00156,0,1,1,0,1,"1,0",c2e97e8e2df57eb4770f8b7da8a326e14bc0c0f911463b5dac8120f8532a4aab;ba6a3fcbea4d6403d7b8e3762cdf1ba5ff9e61597aeaa1a68a165b6e6c33520f,0,0.016349699999999998,23.965084987998125,finished,27073,41,22912,0,0.0410505
trial-00157,157,defence-cannot-ground-itself/repeat-1,defence-cannot-ground-itself,1,20260925,l_n_tool_l,22,relay-explicit,trial-00157,1,1,0,1,0,"0,1,1",98dd217d6c240003abac1d6ea51a552ddc5d917862e2154ffc624b63e6435250;095ebf9eebbac29ab989bbdab4ebe4c480329b8bb6bf4403b592887246afd6aa;a2d65b7d40330bb69f684bfb8648870ce0b87981962484def9294adc8940f159,0,0.036642400000000006,33.621151655002905,finished,47847,55,30080,0,0.0571384
trial-00158,158,defence-cannot-ground-itself/repeat-1,defence-cannot-ground-itself,1,20260925,n_solo,23,relay-explicit,trial-00158,0,1,1,0,0,0,ba6a3fcbea4d6403d7b8e3762cdf1ba5ff9e61597aeaa1a68a165b6e6c33520f,0,0.0001977,7.3859583039957215,finished,7013,13,6784,0,0.0007065000000000001
trial-00159,159,defence-cannot-ground-itself/repeat-1,defence-cannot-ground-itself,1,20260925,rn_tool_r_evidence,24,relay-explicit,trial-00159,1,1,0,0,0,"1,1",e38db4617782fd5461be730ed135ae6fa2150476533f5e81e23701b72286836d;421d0719c196ff480fa102c750a672e02e871e807936764fc4561d68bcb2518f,0,0.02216144,30.129477037997276,finished,40568,517,15616,448,0.0299144
trial-00160,160,defence-cannot-ground-itself/repeat-1,defence-cannot-ground-itself,1,20260925,n_tool_solo,25,relay-explicit,trial-00160,1,1,0,0,0,1,a3738b17e90b955b52164be1d8a0776e3e04ba9d55ed1fd6ec8b6a874829d3b7,1,0.0007395,20.440642446999846,finished,20051,28,17024,0,0.0020163000000000004
trial-00161,161,defence-cannot-ground-itself/repeat-1,defence-cannot-ground-itself,1,20260925,l_tool_n_answer,26,relay-explicit,trial-00161,0,1,1,0,1,"1,0",c2e97e8e2df57eb4770f8b7da8a326e14bc0c0f911463b5dac8120f8532a4aab;2e8ec885cb82dfe95e6136e93e50a306aa6a0314658c3c2002811120f79c8b93,0,0.0164253,24.680082061000576,finished,27253,41,22144,0,0.0410685
trial-00162,162,sampled-negative-finding/repeat-1,sampled-negative-finding,1,20260925,n_tool_solo,0,relay-explicit,trial-00162,1,1,0,0,0,1,bf57ba7f614beecca4d515261d28ed51c151bba9249a8435e112ac8b6ab344c2,1,0.0006929,15.65062133599713,finished,19581,29,17024,0,0.0019697
trial-00163,163,sampled-negative-finding/repeat-1,sampled-negative-finding,1,20260925,l_tool_n_answer,1,relay-explicit,trial-00163,1,1,0,0,0,"1,1",8c947289888f8188e8822fe777970f3a657f44e0838ddae78fb3f702a9b810fa;9decaa88c89e4fdd1e4408961b5c3f148d8baacaca313bbdc63761669773ffee,0,0.014143300000000001,22.237117677999777,finished,26784,41,23040,0,0.0401305
trial-00164,164,sampled-negative-finding/repeat-1,sampled-negative-finding,1,20260925,n_tool_r_evidence,2,relay-explicit,trial-00164,1,1,0,0,0,"1,1",bf57ba7f614beecca4d515261d28ed51c151bba9249a8435e112ac8b6ab344c2;2bf321910e60c00a79aac25bf924ddf310eef364c683898a4996f1e672df9325,0,0.02200815,26.9669199189957,finished,39550,370,23296,320,0.030340950000000002
trial-00165,165,sampled-negative-finding/repeat-1,sampled-negative-finding,1,20260925,l_solo,3,relay-explicit,trial-00165,1,1,0,0,0,1,badb637b5c998a07f1112d2552e6ce57664987bd80dda8babfdab919d03b3df6,0,0.005104,7.194290311999794,finished,7016,12,6016,0,0.014128
trial-00166,166,sampled-negative-finding/repeat-1,sampled-negative-finding,1,20260925,r_tool_rn_evidence,4,relay-explicit,trial-00166,1,1,0,0,0,"1,1",83937ffed73bedc5ef30bf793950de407ee9a62222d0b3210bdb37d269e0695c;39c4f344a2f1978529abd3d8d2474d5ddf5e82106e85963911574fe8cba1749e,0,0.007805149999999999,30.647267741005635,finished,39775,186,17408,128,0.027389149999999998
trial-00167,167,sampled-negative-finding/repeat-1,sampled-negative-finding,1,20260925,n_l_answer,5,relay-explicit,trial-00167,1,1,0,0,0,"1,1",e130e191ea7f483dfc223b877b551414311e9dba2a44ef02e5e9f7b31f205799;a875810c4f1dad46af9eceeac4b0c624b82b8db4220cb3c0462ba53d65c81575,0,0.0057332,14.96141662899754,finished,14219,24,12032,0,0.015208399999999999
trial-00168,168,sampled-negative-finding/repeat-1,sampled-negative-finding,1,20260925,rn_solo,6,relay-explicit,trial-00168,1,1,0,0,0,1,0a4c83a53131c9bc959e2559e538a17d3640a16553c9acc73b0ecd9327a9fb20,0,0.00014219,11.51489799599949,finished,7015,213,6528,192,0.00043595
trial-00169,169,sampled-negative-finding/repeat-1,sampled-negative-finding,1,20260925,l_tool_n_evidence,7,relay-explicit,trial-00169,1,1,0,0,0,"1,1",8c947289888f8188e8822fe777970f3a657f44e0838ddae78fb3f702a9b810fa;edf6278e87cca0102b4fbbe598a51e7d368ed64012301a5dc607a3e98b70b3d9,0,0.0154223,22.588171814000816,finished,39574,41,23040,0,0.041409499999999995
trial-00170,170,sampled-negative-finding/repeat-1,sampled-negative-finding,1,20260925,l_tool_rm_evidence,8,relay-explicit,trial-00170,1,1,0,0,0,"1,1",8c947289888f8188e8822fe777970f3a657f44e0838ddae78fb3f702a9b810fa;37748496982953b29ccca51138f11556dfe622d3388f6f00bff2a5c0abcb9d08,0,0.0177117,24.3646968900066,finished,39573,114,22912,64,0.044572499999999994
trial-00171,171,sampled-negative-finding/repeat-1,sampled-negative-finding,1,20260925,r_solo,9,relay-explicit,trial-00171,1,1,0,0,0,1,6727a14a0b6a49cbfd156b46973ded21bd8c61d3c7477b2ca1ecea37690be57f,0,0.00611475,13.665141530000255,finished,7015,469,6528,448,0.01345875
trial-00172,172,sampled-negative-finding/repeat-1,sampled-negative-finding,1,20260925,l_tool_n_transcript,10,relay-explicit,trial-00172,1,1,0,0,0,"1,1",8c947289888f8188e8822fe777970f3a657f44e0838ddae78fb3f702a9b810fa;c1e12f0ba65890c165d6a051d3d8883b6233c00868dc6694d31bff1d02025670,0,0.016522600000000002,23.448673409999174,finished,50577,41,23040,0,0.0425098
trial-00173,173,sampled-negative-finding/repeat-1,sampled-negative-finding,1,20260925,l_tool_solo,11,relay-explicit,trial-00173,1,1,0,0,0,1,8c947289888f8188e8822fe777970f3a657f44e0838ddae78fb3f702a9b810fa,1,0.01387,14.833234835001349,finished,19587,29,17024,0,0.039406
trial-00174,174,sampled-negative-finding/repeat-1,sampled-negative-finding,1,20260925,l_n_answer,12,relay-explicit,trial-00174,1,1,0,0,0,"1,1",badb637b5c998a07f1112d2552e6ce57664987bd80dda8babfdab919d03b3df6;d302868109401c71893f8ecf5a7473db4c192d2d1f731310a2868de78f35c49a,0,0.0053775,22.165902341999754,finished,14215,24,12032,0,0.0148527
trial-00175,175,sampled-negative-finding/repeat-1,sampled-negative-finding,1,20260925,l_l_answer,13,relay-explicit,trial-00175,1,1,0,0,0,"1,1",badb637b5c998a07f1112d2552e6ce57664987bd80dda8babfdab919d03b3df6;6fe2db0d68c04cbdc58071d1dbc15c9f902dbfb7e2444426f47f9babf7249fbc,0,0.010574,16.371968814994034,finished,14215,24,12032,0,0.028622
trial-00176,176,sampled-negative-finding/repeat-1,sampled-negative-finding,1,20260925,n_n_answer,14,relay-explicit,trial-00176,1,1,0,0,0,"1,1",e130e191ea7f483dfc223b877b551414311e9dba2a44ef02e5e9f7b31f205799;90a71a6af49447b898f0647c762b1b457d6e2417ae8a261c587663d23826482b,0,0.0005291,15.916994396997325,finished,14219,24,12032,0,0.0014315
trial-00177,177,sampled-negative-finding/repeat-1,sampled-negative-finding,1,20260925,r_tool_solo,15,relay-explicit,trial-00177,1,1,0,0,0,1,83937ffed73bedc5ef30bf793950de407ee9a62222d0b3210bdb37d269e0695c,1,0.0067972499999999995,20.686807354999473,finished,19785,165,17408,128,0.02638125
trial-00178,178,sampled-negative-finding/repeat-1,sampled-negative-finding,1,20260925,n_tool_l_evidence,16,relay-explicit,trial-00178,1,1,0,0,0,"1,1",bf57ba7f614beecca4d515261d28ed51c151bba9249a8435e112ac8b6ab344c2;672148392cfc1e905a6a447cd2fbde69c313eeb09eb9c9274a06e630621a7256,0,0.0317049,25.281032865997986,finished,39551,41,23040,0,0.0420057
trial-00179,179,sampled-negative-finding/repeat-1,sampled-negative-finding,1,20260925,m_solo,17,relay-explicit,trial-00179,1,1,0,0,0,1,122fb17bfeae8cb243427d7ab1ba45fab1ef60d4190df352ca55e275be7a74fb,0,0.0010208,7.369681470001524,finished,7016,12,6016,0,0.0028255999999999997
trial-00180,180,sampled-negative-finding/repeat-1,sampled-negative-finding,1,20260925,r_tool_n_evidence,18,relay-explicit,trial-00180,1,1,0,0,0,"1,1",83937ffed73bedc5ef30bf793950de407ee9a62222d0b3210bdb37d269e0695c;52d7763197c9e8161eabe85eb006a189337fd8c6219bc68c6d6d357a105aa023,0,0.00834995,28.44392536400119,finished,39776,177,23424,128,0.028385149999999998
trial-00181,181,sampled-negative-finding/repeat-1,sampled-negative-finding,1,20260925,n_m_l,19,relay-explicit,trial-00181,1,1,0,0,0,"1,1,1",e130e191ea7f483dfc223b877b551414311e9dba2a44ef02e5e9f7b31f205799;41ba0b3fe84d341ae8a8d2a8170a749573f7bb129f57c31b171086102690d8bc;f7f1f562481d72b9421849a609fd9f5b2deebeb591f24c91540244db022be079,0,0.0071068,23.369303963001585,finished,21561,36,18048,0,0.0183868
trial-00182,182,sampled-negative-finding/repeat-1,sampled-negative-finding,1,20260925,rm_solo,20,relay-explicit,trial-00182,1,1,0,0,0,1,393817a6313958565c2a096234adcc8b2a8258a15c1b860edf9030ec74400e2b,0,0.00049655,9.110881896995124,finished,7015,149,6912,128,0.00205175
trial-00183,183,sampled-negative-finding/repeat-1,sampled-negative-finding,1,20260925,rm_tool_l_evidence,21,relay-explicit,trial-00183,1,1,0,0,0,"1,1",2b37eff3f595bd51e5d093806250b48034774c1a8dee1e827647879686e7fb75;b598544d3f3413ad3dbbd4e97f6cdde9a8a6573e22e3512f8a45b62b52783dde,0,0.03352505,47.16306383000483,finished,61509,294,43648,192,0.051016250000000006
trial-00184,184,sampled-negative-finding/repeat-1,sampled-negative-finding,1,20260925,n_l_tool_n,22,relay-explicit,trial-00184,1,1,0,0,0,"1,1,1",e130e191ea7f483dfc223b877b551414311e9dba2a44ef02e5e9f7b31f205799;633e1669224da4245ceca59c722bf85ada3d393f5d54511ccb9e13cd4407473e;7e976f9c9732c2e017fe25bd19203d11994a8d6922521c208482a7f4e4694cf3,0,0.0160582,33.65573063500051,finished,47093,53,29312,0,0.0428806
trial-00185,185,sampled-negative-finding/repeat-1,sampled-negative-finding,1,20260925,l_tool_n_none,23,relay-explicit,trial-00185,1,1,0,0,0,"1,1",8c947289888f8188e8822fe777970f3a657f44e0838ddae78fb3f702a9b810fa;e130e191ea7f483dfc223b877b551414311e9dba2a44ef02e5e9f7b31f205799,0,0.014125200000000001,22.393373724000412,finished,26603,41,23040,0,0.0401124
trial-00186,186,sampled-negative-finding/repeat-1,sampled-negative-finding,1,20260925,l_n_tool_l,24,relay-explicit,trial-00186,1,1,0,0,0,"1,1,1",badb637b5c998a07f1112d2552e6ce57664987bd80dda8babfdab919d03b3df6;4e073981c9c429ada44d10d5409476b55c17c635ed51049e78abace1846ed7c7;9e00a3da4f1bd9078e1d2767841abd59199105cb2ee84a7c31c13e36f1bb738e,0,0.037109,31.548865441996895,finished,47081,53,29312,0,0.056453
trial-00187,187,sampled-negative-finding/repeat-1,sampled-negative-finding,1,20260925,n_solo,25,relay-explicit,trial-00187,1,1,0,0,0,1,e130e191ea7f483dfc223b877b551414311e9dba2a44ef02e5e9f7b31f205799,0,0.0002552,7.560138888999063,finished,7016,12,6016,0,0.0007063999999999999
trial-00188,188,sampled-negative-finding/repeat-1,sampled-negative-finding,1,20260925,rn_tool_r_evidence,26,relay-explicit,trial-00188,1,1,0,0,0,"1,1",ac99a9fc001ea846f453414bca331d6852bb1f4c9e5474ff38e290cfea49e7b4;3b5c939e44802d3978f2e57755204b48223eea0d6097aaf5689505bf1949ed90,0,0.02142805,32.66645172199787,finished,39753,388,6528,320,0.02877205
