case,session,profile,relevant_unknown_requirements,states,route_states,expanded_per_arm,expanded_both_arms,event
release-three-obligations,4,stale,rollback,"{""rollback"": null, ""signature"": true, ""tests"": true}","{""conjunction"": null}",32,64,"Tests recover, but initial rollback evidence has exceeded its three-minute freshness limit."
release-three-obligations,5,stale,rollback,"{""rollback"": null, ""signature"": true, ""tests"": true}","{""conjunction"": null}",32,64,No fact or scope changes; the preceding conclusion remains valid as observation ages advance by one minute.
release-three-obligations,8,invalidated + stale,"signature,tests","{""rollback"": true, ""signature"": null, ""tests"": null}","{""conjunction"": null}",32,64,The signature evidence is explicitly invalidated; integration-test support has also expired.
release-three-obligations,9,invalidated + stale,"signature,tests","{""rollback"": true, ""signature"": null, ""tests"": null}","{""conjunction"": null}",32,64,No fact or scope changes; the preceding conclusion remains valid as observation ages advance by one minute.
migration-cutover-obligations,4,missing_observation,lag,"{""lag"": null, ""restore"": true, ""schema"": true}","{""conjunction"": null}",32,64,The complete snapshot contains no lag observation; the other obligations are still supported.
migration-cutover-obligations,5,missing_observation,lag,"{""lag"": null, ""restore"": true, ""schema"": true}","{""conjunction"": null}",32,64,No fact or scope changes; the preceding conclusion remains valid as observation ages advance by one minute.
database-alternative-read-routes,6,missing_observation,replica_lag,"{""primary_lease"": false, ""primary_link"": null, ""replica_lag"": null, ""replica_link"": true}","{""primary"": false, ""replica"": null}",32,64,The primary route is refuted by its lease; the replica is reachable but has no lag evidence.
database-alternative-read-routes,7,missing_observation,replica_lag,"{""primary_lease"": false, ""primary_link"": null, ""replica_lag"": null, ""replica_link"": true}","{""primary"": false, ""replica"": null}",32,64,No fact or scope changes; the preceding conclusion remains valid as observation ages advance by one minute.
database-alternative-read-routes,10,invalidated + stale,primary_link,"{""primary_lease"": true, ""primary_link"": null, ""replica_lag"": null, ""replica_link"": false}","{""primary"": null, ""replica"": false}",32,64,Primary reachability support is invalidated; the replica remains refuted.
dispatch-direct-or-tunnel,6,invalidated,direct_tls,"{""direct_dns"": true, ""direct_tls"": null, ""tunnel_auth"": true, ""tunnel_capacity"": false}","{""direct"": null, ""tunnel"": false}",32,64,TLS evidence is invalidated; the authenticated tunnel lacks sufficient capacity.
dispatch-direct-or-tunnel,7,invalidated,direct_tls,"{""direct_dns"": true, ""direct_tls"": null, ""tunnel_auth"": true, ""tunnel_capacity"": false}","{""direct"": null, ""tunnel"": false}",32,64,No fact or scope changes; the preceding conclusion remains valid as observation ages advance by one minute.
dispatch-direct-or-tunnel,10,invalidated + stale,tunnel_auth,"{""direct_dns"": false, ""direct_tls"": null, ""tunnel_auth"": null, ""tunnel_capacity"": true}","{""direct"": false, ""tunnel"": null}",32,64,The latest tunnel authentication observation is invalidated and its older success is stale; direct DNS remains refuted.
firmware-selective-applicability,2,scope_mismatch,safety,"{""authorization"": true, ""calibration"": true, ""safety"": null}","{""conjunction"": null}",32,64,"The firmware changes to fw2; old safety observations bind fw1 only, while other evidence remains applicable."
firmware-selective-applicability,3,scope_mismatch,safety,"{""authorization"": true, ""calibration"": true, ""safety"": null}","{""conjunction"": null}",32,64,No fact or scope changes; the preceding conclusion remains valid as observation ages advance by one minute.
firmware-selective-applicability,8,scope_mismatch + stale,"authorization,calibration","{""authorization"": null, ""calibration"": null, ""safety"": true}","{""conjunction"": null}",32,64,"Configuration and policy change, so calibration and authorization need matching observations; firmware safety remains applicable."
firmware-selective-applicability,9,scope_mismatch + stale,"authorization,calibration","{""authorization"": null, ""calibration"": null, ""safety"": true}","{""conjunction"": null}",32,64,No fact or scope changes; the preceding conclusion remains valid as observation ages advance by one minute.
migration-multiple-version-bindings,2,scope_mismatch,"backup,dry_run","{""backup"": null, ""dry_run"": null, ""runbook"": true}","{""conjunction"": null}",32,64,"Schema changes invalidate applicability of backup and dry-run observations, while the runbook remains applicable."
migration-multiple-version-bindings,3,scope_mismatch,"backup,dry_run","{""backup"": null, ""dry_run"": null, ""runbook"": true}","{""conjunction"": null}",32,64,No fact or scope changes; the preceding conclusion remains valid as observation ages advance by one minute.
migration-multiple-version-bindings,8,scope_mismatch + stale,"dry_run,runbook","{""backup"": true, ""dry_run"": null, ""runbook"": null}","{""conjunction"": null}",32,64,Migration changes invalidate applicability of dry run and runbook approval; backup coverage for unchanged schema s5 remains usable.
migration-multiple-version-bindings,9,scope_mismatch + stale,"dry_run,runbook","{""backup"": true, ""dry_run"": null, ""runbook"": null}","{""conjunction"": null}",32,64,No fact or scope changes; the preceding conclusion remains valid as observation ages advance by one minute.
