trial_id,schedule_index,block_id,task_id,repetition,sampling_seed,condition_id,condition_position,execution_state,status,stop_reason,correct,model_cost_usd,stage_keys
trial-00216,216,registered-rms-velocity/repeat-0,registered-rms-velocity,0,20260924,n_tool_r_evidence,0,attempted,completed,finished,True,0.022636749999999997,4c74879983c93bab2c14c8eab5346ee13b4cdcc1f9cd766fa6929754d3652c7a;0a0d37280516ecb56f06dbd53179fdd3d3363e72d4586605656b520c684b1f15
trial-00217,217,registered-rms-velocity/repeat-0,registered-rms-velocity,0,20260924,l_solo,1,attempted,completed,finished,True,0.003992,a66b35c960e170d36113eccbda0aa28ee03249fb7f78f35a38b99ca0ce54193c
trial-00218,218,registered-rms-velocity/repeat-0,registered-rms-velocity,0,20260924,r_tool_rn_evidence,2,attempted,completed,finished,True,0.005697150000000001,236a7aa6c71ac677c6af14eb21a87e2b9420cd573f32185403b4a67a639a2be6;b7eb3fa993c846b51cdc95f27e904705a74b71e7332e2472eef7f9912cc9d203
trial-00219,219,registered-rms-velocity/repeat-0,registered-rms-velocity,0,20260924,n_l_answer,3,attempted,completed,finished,True,0.004445999999999999,f5240ef12d90288467073dc2a3d322cb99bcb9e31f1a1693ef58d3aa7732b413;1a48a99ed37f6dbf2b3f8ffc45b395b758eb863e5b872b195a2871af7496e380
trial-00220,220,registered-rms-velocity/repeat-0,registered-rms-velocity,0,20260924,rn_solo,4,attempted,completed,finished,True,0.00014011,3c448218508ade9869d873268829dc0f37b17503a52255b7d8743e398763d553
trial-00221,221,registered-rms-velocity/repeat-0,registered-rms-velocity,0,20260924,l_tool_n_evidence,5,attempted,completed,finished,True,0.0146573,b51ecd9946d48b346f31c47fde8cf1c21ead1a9ffa7c0119c41a506d6b52b2b1;3c564bd1c82e5534ddf8039fbcb19d675e06337f7c2b40bdb1e1ae9b89755e92
trial-00222,222,registered-rms-velocity/repeat-0,registered-rms-velocity,0,20260924,l_tool_rm_evidence,6,attempted,completed,finished,True,0.016797799999999998,b51ecd9946d48b346f31c47fde8cf1c21ead1a9ffa7c0119c41a506d6b52b2b1;1906457d7e3b562e8a03d6998ce170a03d81d9ca35455ee1a3596e0223f3d233
trial-00223,223,registered-rms-velocity/repeat-0,registered-rms-velocity,0,20260924,r_solo,7,attempted,completed,finished,True,0.00705475,82c514dc4d9440a1dee328b2b6fecaae88f1922239812fa8a40c817adb6b8859
trial-00224,224,registered-rms-velocity/repeat-0,registered-rms-velocity,0,20260924,l_tool_n_transcript,8,attempted,completed,finished,True,0.0157914,b51ecd9946d48b346f31c47fde8cf1c21ead1a9ffa7c0119c41a506d6b52b2b1;f3a3ade9c8e236d9503a08c2607dde938920b2f1159b967d7f3b7c24437634d5
trial-00225,225,registered-rms-velocity/repeat-0,registered-rms-velocity,0,20260924,l_tool_solo,9,attempted,completed,finished,True,0.013049999999999999,b51ecd9946d48b346f31c47fde8cf1c21ead1a9ffa7c0119c41a506d6b52b2b1
trial-00226,226,registered-rms-velocity/repeat-0,registered-rms-velocity,0,20260924,l_n_answer,10,attempted,completed,finished,True,0.0042959999999999995,a66b35c960e170d36113eccbda0aa28ee03249fb7f78f35a38b99ca0ce54193c;6c0b49acf0cffed8cedb2468bfc83071903df787b86a006250e89957a08b55b1
trial-00227,227,registered-rms-velocity/repeat-0,registered-rms-velocity,0,20260924,l_l_answer,11,attempted,completed,finished,True,0.008152,a66b35c960e170d36113eccbda0aa28ee03249fb7f78f35a38b99ca0ce54193c;3edb8bd09718f8ddf429cb67b31e7ced4c78904ad818de3e910b06cf177a9a73
trial-00228,228,registered-rms-velocity/repeat-0,registered-rms-velocity,0,20260924,n_n_answer,12,attempted,completed,finished,True,0.00059,f5240ef12d90288467073dc2a3d322cb99bcb9e31f1a1693ef58d3aa7732b413;8499f7b14e84577dd999041f1b005bf37bead6166b40b4c94db7c336313e109f
trial-00229,229,registered-rms-velocity/repeat-0,registered-rms-velocity,0,20260924,r_tool_solo,13,attempted,completed,finished,True,0.004662,236a7aa6c71ac677c6af14eb21a87e2b9420cd573f32185403b4a67a639a2be6
trial-00230,230,registered-rms-velocity/repeat-0,registered-rms-velocity,0,20260924,n_tool_l_evidence,14,attempted,completed,finished,True,0.033486,4c74879983c93bab2c14c8eab5346ee13b4cdcc1f9cd766fa6929754d3652c7a;7384a51db449016ef34bc5452d5e7fe600f5ccaa69715aea7f1a51894e610597
trial-00231,231,registered-rms-velocity/repeat-0,registered-rms-velocity,0,20260924,m_solo,15,attempted,completed,finished,True,0.0007984000000000001,345c7d6c4822464f58ca5d5c6f976622acd0db60adf79198b5191842c592372d
trial-00232,232,registered-rms-velocity/repeat-0,registered-rms-velocity,0,20260924,r_tool_n_evidence,16,attempted,completed,finished,True,0.0062696,236a7aa6c71ac677c6af14eb21a87e2b9420cd573f32185403b4a67a639a2be6;a8db95696b30b8560d2c6d8892f04dfb36c90b56867504d17f21c69002420bd0
trial-00233,233,registered-rms-velocity/repeat-0,registered-rms-velocity,0,20260924,n_m_l,17,attempted,completed,finished,True,0.0053620000000000004,f5240ef12d90288467073dc2a3d322cb99bcb9e31f1a1693ef58d3aa7732b413;774c77d1a7deba3b1b19fcd1698e909569532a81cbe4fc50230bc1ba84a011b7;83e4bde420737b10634e1d738d9d0e0274a55795b0645b688b67cc87cea71303
trial-00234,234,registered-rms-velocity/repeat-0,registered-rms-velocity,0,20260924,rm_solo,18,attempted,completed,finished,True,0.00051495,9138621a5ed1dd91295db3a6675803e49ddd9c831dd0c6197f69a0755036d225
trial-00235,235,registered-rms-velocity/repeat-0,registered-rms-velocity,0,20260924,rm_tool_l_evidence,19,attempted,completed,finished,True,0.033837099999999995,b018225b371362cba034bb9a960b629e00cfa5b9f7346f472d989cdb1d069d4f;ff111e3ea15cabb2a793175e925a0e774a897436be4dd89c469c714ff248f637
trial-00236,236,registered-rms-velocity/repeat-0,registered-rms-velocity,0,20260924,n_l_tool_n,20,attempted,completed,finished,True,0.0145231,f5240ef12d90288467073dc2a3d322cb99bcb9e31f1a1693ef58d3aa7732b413;3aac3699371c916648ec681ceda095be914cc6691421f2902f33ec5e66c85c64;1e00008d3a944b49028b27066eed8161266abaf77d8e3901938a863bfcad3347
trial-00237,237,registered-rms-velocity/repeat-0,registered-rms-velocity,0,20260924,l_tool_n_none,21,attempted,completed,finished,True,0.013335999999999999,b51ecd9946d48b346f31c47fde8cf1c21ead1a9ffa7c0119c41a506d6b52b2b1;f5240ef12d90288467073dc2a3d322cb99bcb9e31f1a1693ef58d3aa7732b413
trial-00238,238,registered-rms-velocity/repeat-0,registered-rms-velocity,0,20260924,l_n_tool_l,22,attempted,completed,finished,True,0.0371619,a66b35c960e170d36113eccbda0aa28ee03249fb7f78f35a38b99ca0ce54193c;b0d5a628105dd141eb2b582e838fbdc7dae3609ed813f8673c8b4dd00568e783;a97f7da5a3b4deeec1a5dd475aee7f6c854acc7c20291d2c6797f772fdc84d1b
trial-00239,239,registered-rms-velocity/repeat-0,registered-rms-velocity,0,20260924,n_solo,23,attempted,completed,finished,True,0.000286,f5240ef12d90288467073dc2a3d322cb99bcb9e31f1a1693ef58d3aa7732b413
trial-00240,240,registered-rms-velocity/repeat-0,registered-rms-velocity,0,20260924,rn_tool_r_evidence,24,attempted,completed,finished,True,0.02195822,8dbebc9ae943a9cb7b2050d317cc7313045e4c63a55bf43475a7a701bf46c4f7;b809c539aafcbe0d8da2bec6b0b44a90c96d71635e732feaf880e2fd813514e1
trial-00241,241,registered-rms-velocity/repeat-0,registered-rms-velocity,0,20260924,n_tool_solo,25,attempted,completed,finished,True,0.0013340000000000001,4c74879983c93bab2c14c8eab5346ee13b4cdcc1f9cd766fa6929754d3652c7a
trial-00242,242,registered-rms-velocity/repeat-0,registered-rms-velocity,0,20260924,l_tool_n_answer,26,attempted,completed,finished,True,0.0132576,b51ecd9946d48b346f31c47fde8cf1c21ead1a9ffa7c0119c41a506d6b52b2b1;8839b639a2434298dd0e63af575ab2f0bebbe47d39633ba55c8e7f0f7352ff23
trial-00243,243,registered-rms-wrong-origin/repeat-1,registered-rms-wrong-origin,1,20260925,l_tool_n_answer,0,attempted,completed,finished,False,0.0147224,ef7fac6d7dba92c2fde0f7d142a501b7cf4f530a18f6e38a0d20a53fa74dca6e;f6daeff9644cb08bcbc39e683a5e809bc5dffae637ff9954930018aec2ecf957
trial-00244,244,registered-rms-wrong-origin/repeat-1,registered-rms-wrong-origin,1,20260925,n_tool_r_evidence,1,attempted,completed,finished,True,0.019716400000000002,ddbb1913810a8a14253fc9a55e9b9d9c506fb21c141b3d4de6b3e997db9c1f65;d085098ecfb55f09ffd2c0c59bec50a133505bd459e1a29c3e8312fce8c52f12
trial-00245,245,registered-rms-wrong-origin/repeat-1,registered-rms-wrong-origin,1,20260925,l_solo,2,attempted,completed,finished,False,0.005724,c24c85dcc61adc264674eab9e44f5bde676944bb08f6733039c54a7d12df490a
trial-00246,246,registered-rms-wrong-origin/repeat-1,registered-rms-wrong-origin,1,20260925,r_tool_rn_evidence,3,attempted,completed,finished,True,0.006518599999999999,4107e6b15c6a95904dacdd7438d48e787af4cdf7bb17012908fb161faf4a6af1;40cc66658c960e4f5cab3d8d0806ac13eb2fa8098889ad1c6093177b7e3a8634
trial-00247,247,registered-rms-wrong-origin/repeat-1,registered-rms-wrong-origin,1,20260925,n_l_answer,4,attempted,completed,finished,False,0.0063702,3aecaf7342ef58c45f8cf12a1c2ea911f51aed01c5db21b5a013bab71a53ece2;28050ce3e08f5aa9555fb3eb46e4fb21484fe02535af4aa0eb4dec8c7ce82c74
trial-00248,248,registered-rms-wrong-origin/repeat-1,registered-rms-wrong-origin,1,20260925,rn_solo,5,attempted,completed,finished,False,0.00016581,07d884d11769b242a3f6cc5c9918637efc4c9db08f76190eef8d88625ed6e04c
trial-00249,249,registered-rms-wrong-origin/repeat-1,registered-rms-wrong-origin,1,20260925,l_tool_n_evidence,6,attempted,completed,finished,True,0.015933700000000002,ef7fac6d7dba92c2fde0f7d142a501b7cf4f530a18f6e38a0d20a53fa74dca6e;afbdfb4c79b67eba2f9241fb449037a372bb596fccf367958ec6dbaf4b1a9aff
trial-00250,250,registered-rms-wrong-origin/repeat-1,registered-rms-wrong-origin,1,20260925,l_tool_rm_evidence,7,attempted,completed,finished,True,0.0179368,ef7fac6d7dba92c2fde0f7d142a501b7cf4f530a18f6e38a0d20a53fa74dca6e;b615e5a6968ebf111ed8e87f03451aa46cb594a67bc0e4a75f67159da48edf35
trial-00251,251,registered-rms-wrong-origin/repeat-1,registered-rms-wrong-origin,1,20260925,r_solo,8,attempted,completed,finished,False,0.02152125,12d244032e9685c6c66e4f15a98d529de5ce500367c27406983932f951baa1b3
trial-00252,252,registered-rms-wrong-origin/repeat-1,registered-rms-wrong-origin,1,20260925,l_tool_n_transcript,9,attempted,completed,finished,True,0.0170587,ef7fac6d7dba92c2fde0f7d142a501b7cf4f530a18f6e38a0d20a53fa74dca6e;94c577aa3310fc824159209c802b5ca3a484e0ff7b692290ba41a38a4ad54fa1
trial-00253,253,registered-rms-wrong-origin/repeat-1,registered-rms-wrong-origin,1,20260925,l_tool_solo,10,attempted,completed,finished,True,0.014418,ef7fac6d7dba92c2fde0f7d142a501b7cf4f530a18f6e38a0d20a53fa74dca6e
trial-00254,254,registered-rms-wrong-origin/repeat-1,registered-rms-wrong-origin,1,20260925,l_n_answer,11,attempted,completed,finished,False,0.0060282,c24c85dcc61adc264674eab9e44f5bde676944bb08f6733039c54a7d12df490a;f22673aba8714ed2fa0ce0de7f61f7b1601e4612420b84388f507c55a4e0eff1
trial-00255,255,registered-rms-wrong-origin/repeat-1,registered-rms-wrong-origin,1,20260925,l_l_answer,12,attempted,completed,finished,False,0.011807999999999999,c24c85dcc61adc264674eab9e44f5bde676944bb08f6733039c54a7d12df490a;6b11f9009a97df45af86e338306d45223d431172aef65facfee67002a6ce6d72
trial-00256,256,registered-rms-wrong-origin/repeat-1,registered-rms-wrong-origin,1,20260925,n_n_answer,13,attempted,completed,finished,False,0.0005903999999999999,3aecaf7342ef58c45f8cf12a1c2ea911f51aed01c5db21b5a013bab71a53ece2;ad0339b939d28a176cb77fc5d5ace720e67def603bcb9ab2c82f144e2bfca131
trial-00257,257,registered-rms-wrong-origin/repeat-1,registered-rms-wrong-origin,1,20260925,r_tool_solo,14,attempted,completed,finished,True,0.0055035,4107e6b15c6a95904dacdd7438d48e787af4cdf7bb17012908fb161faf4a6af1
trial-00258,258,registered-rms-wrong-origin/repeat-1,registered-rms-wrong-origin,1,20260925,n_tool_l_evidence,15,attempted,completed,finished,True,0.040683899999999995,ddbb1913810a8a14253fc9a55e9b9d9c506fb21c141b3d4de6b3e997db9c1f65;9e832ea258b90183fd73a03663336eafc222f541e0d6c38c93fd7a3cb7e22f58
trial-00259,259,registered-rms-wrong-origin/repeat-1,registered-rms-wrong-origin,1,20260925,m_solo,16,attempted,completed,finished,False,0.0011447999999999999,d09465fb7488493a174fb899f81ef0749f4c2d72616e6fda442ed47e309f9cd9
trial-00260,260,registered-rms-wrong-origin/repeat-1,registered-rms-wrong-origin,1,20260925,r_tool_n_evidence,17,attempted,completed,finished,True,0.0070198,4107e6b15c6a95904dacdd7438d48e787af4cdf7bb17012908fb161faf4a6af1;67ae6934106a8890ada4157cb3ec7228f01758180ec928af6e414edee281861e
trial-00261,261,registered-rms-wrong-origin/repeat-1,registered-rms-wrong-origin,1,20260925,n_m_l,18,attempted,completed,finished,False,0.007863,3aecaf7342ef58c45f8cf12a1c2ea911f51aed01c5db21b5a013bab71a53ece2;0716047511d3f90ecfe4d9fa9725597d32c6010c0ee78f0d226e71123224fc1a;83a4421a65e3b280dca5987b7bc906e5763c39bd6acf8a3140d73abd78f9442f
trial-00262,262,registered-rms-wrong-origin/repeat-1,registered-rms-wrong-origin,1,20260925,rm_solo,19,attempted,completed,finished,True,0.00102745,9ffb31b1bd346ef3e2e394236db8aa0ebcdb70607cb628db7f397241ee0bd9b5
trial-00263,263,registered-rms-wrong-origin/repeat-1,registered-rms-wrong-origin,1,20260925,rm_tool_l_evidence,20,attempted,completed,finished,True,0.0318331,d2e91da14a152a4679279b4edee114f5ebe2f3bad705ccaeb46d68d923dd05d9;2d1ed5b3b0c11ad4cf545ccd88fc74b5b49d8985373cb61f4151f4c5d3cbaa04
trial-00264,264,registered-rms-wrong-origin/repeat-1,registered-rms-wrong-origin,1,20260925,n_l_tool_n,21,attempted,completed,finished,True,0.0167786,3aecaf7342ef58c45f8cf12a1c2ea911f51aed01c5db21b5a013bab71a53ece2;dc817072bc684ad87aea595ec23c51af257b9a1d04a3835ebc3688bfc241c9b9;d450925ee665d0e01c3a6ad33efd491a571bfffa839f76494901ed7737defaf4
trial-00265,265,registered-rms-wrong-origin/repeat-1,registered-rms-wrong-origin,1,20260925,l_tool_n_none,22,attempted,completed,finished,False,0.0147042,ef7fac6d7dba92c2fde0f7d142a501b7cf4f530a18f6e38a0d20a53fa74dca6e;3aecaf7342ef58c45f8cf12a1c2ea911f51aed01c5db21b5a013bab71a53ece2
trial-00266,266,registered-rms-wrong-origin/repeat-1,registered-rms-wrong-origin,1,20260925,l_n_tool_l,23,attempted,completed,finished,True,0.046055200000000004,c24c85dcc61adc264674eab9e44f5bde676944bb08f6733039c54a7d12df490a;dfec150354cbfa88fad9c3155fcfdf1292f8f0a9daebef31ede9609f518b8b1b;f953280e05106dab2c7b88e6a188cc76aafe359eb4a05fcfc1fead163bff2afa
trial-00267,267,registered-rms-wrong-origin/repeat-1,registered-rms-wrong-origin,1,20260925,n_solo,24,attempted,completed,finished,False,0.00028619999999999996,3aecaf7342ef58c45f8cf12a1c2ea911f51aed01c5db21b5a013bab71a53ece2
trial-00268,268,registered-rms-wrong-origin/repeat-1,registered-rms-wrong-origin,1,20260925,rn_tool_r_evidence,25,attempted,completed,finished,True,0.01960277,a69345449d6afbd180bba9c2f9f1b46cc1a38f0e8879506d1999ffd14b3a7585;8f8724975f47745a8a4f583c35404d0da2f46177b74143c396797194cbb04514
trial-00269,269,registered-rms-wrong-origin/repeat-1,registered-rms-wrong-origin,1,20260925,n_tool_solo,26,attempted,completed,finished,True,0.0013259,ddbb1913810a8a14253fc9a55e9b9d9c506fb21c141b3d4de6b3e997db9c1f65
trial-00270,270,cold-room-calibration-reference-repair/repeat-0,cold-room-calibration-reference-repair,0,20260924,l_solo,0,attempted,completed,finished,True,0.013888,fcdc74f979bc488c91b85b3e6cdc1873c49cdf1a4ded1c445b23b82c8eed2366
trial-00271,271,cold-room-calibration-reference-repair/repeat-0,cold-room-calibration-reference-repair,0,20260924,r_tool_rn_evidence,1,attempted,completed,finished,True,0.024585950000000002,e7b970e954d3a021f48c91461d10e870509b44de37320ed663846f6b39ea1688;f91ebe8bc028a0f64d47f41532e108b6ba94e9abc568fc1a63d8137e42f760c8
trial-00272,272,cold-room-calibration-reference-repair/repeat-0,cold-room-calibration-reference-repair,0,20260924,n_l_answer,2,attempted,completed,finished,True,0.0059164000000000005,d5546e8d42257a50652447437c4c5142930019a800b8cbde26927bab8fa9d160;ef5fc01435e417bd5e65089e3cc3a3c871c737d5ed5e662deee0a244e34d86db
trial-00273,273,cold-room-calibration-reference-repair/repeat-0,cold-room-calibration-reference-repair,0,20260924,rn_solo,3,attempted,completed,finished,True,0.00013003,a98bddf7a41ca950e3766718a0e1f5ca1f63aa08dbebf4d0c23f3814d211b367
trial-00274,274,cold-room-calibration-reference-repair/repeat-0,cold-room-calibration-reference-repair,0,20260924,l_tool_n_evidence,4,attempted,completed,finished,True,0.038901599999999995,51662226f4718363a9f310af3e13e59c2316259aebea4a4c22871a054d197435;ceeaeafc818bf992b5c35682fe1a0e63587147b9ec8c84d54369ac5d11099ae8
trial-00275,275,cold-room-calibration-reference-repair/repeat-0,cold-room-calibration-reference-repair,0,20260924,l_tool_rm_evidence,5,attempted,completed,finished,True,0.04232075,51662226f4718363a9f310af3e13e59c2316259aebea4a4c22871a054d197435;018f206641705d6799368d04cc970e31c6b694571616fa80d571534d75dbe46c
trial-00276,276,cold-room-calibration-reference-repair/repeat-0,cold-room-calibration-reference-repair,0,20260924,r_solo,6,attempted,completed,finished,True,0.01585875,5b2e783981d8358467ebd56e3b503c668f0493910ea94a09783ba229d893faf2
trial-00277,277,cold-room-calibration-reference-repair/repeat-0,cold-room-calibration-reference-repair,0,20260924,l_tool_n_transcript,7,attempted,completed,finished,False,0.040062999999999994,51662226f4718363a9f310af3e13e59c2316259aebea4a4c22871a054d197435;bda1ad5cb98a90eb6ebba920f9f4b3b8a55ce6f159c48abf6d55e62e821f104f
trial-00278,278,cold-room-calibration-reference-repair/repeat-0,cold-room-calibration-reference-repair,0,20260924,l_tool_solo,8,attempted,completed,finished,True,0.037478,51662226f4718363a9f310af3e13e59c2316259aebea4a4c22871a054d197435
trial-00279,279,cold-room-calibration-reference-repair/repeat-0,cold-room-calibration-reference-repair,0,20260924,l_n_answer,9,attempted,completed,finished,True,0.014148899999999999,fcdc74f979bc488c91b85b3e6cdc1873c49cdf1a4ded1c445b23b82c8eed2366;0376f18332fbf94441735d5afe2f28c0728edf01726a04e225eb69d61f9fb633
trial-00280,280,cold-room-calibration-reference-repair/repeat-0,cold-room-calibration-reference-repair,0,20260924,l_l_answer,10,attempted,completed,finished,True,0.019105999999999998,fcdc74f979bc488c91b85b3e6cdc1873c49cdf1a4ded1c445b23b82c8eed2366;bfa7337d702bd7be0eb8c57a9092f8c59d66aa16bcc00e5d14c54953aebe4a8e
trial-00281,281,cold-room-calibration-reference-repair/repeat-0,cold-room-calibration-reference-repair,0,20260924,n_n_answer,11,attempted,completed,finished,True,0.0009555000000000001,d5546e8d42257a50652447437c4c5142930019a800b8cbde26927bab8fa9d160;0aa9084a4babdc2a292fa26b6d9fe8c4b7492ad3d4f954c4e074c6dd26638609
trial-00282,282,cold-room-calibration-reference-repair/repeat-0,cold-room-calibration-reference-repair,0,20260924,r_tool_solo,12,attempted,completed,finished,True,0.023619,e7b970e954d3a021f48c91461d10e870509b44de37320ed663846f6b39ea1688
trial-00283,283,cold-room-calibration-reference-repair/repeat-0,cold-room-calibration-reference-repair,0,20260924,n_tool_l_evidence,13,attempted,completed,finished,True,0.0296326,9064f9a617833d5afa9dcfe5b819723dad28121849d0c2b48ac03dea4d185ccd;b2a08a48edd770020423ba7a4f14b2ef7a17957d0993b6964f7fae502c233fd8
trial-00284,284,cold-room-calibration-reference-repair/repeat-0,cold-room-calibration-reference-repair,0,20260924,m_solo,14,attempted,completed,finished,True,0.0027776000000000003,bf1d2a7a1226efbcd312cd594ae45bfa9764f350421432849f18aa653365b3c5
trial-00285,285,cold-room-calibration-reference-repair/repeat-0,cold-room-calibration-reference-repair,0,20260924,r_tool_n_evidence,15,attempted,completed,finished,True,0.0250394,e7b970e954d3a021f48c91461d10e870509b44de37320ed663846f6b39ea1688;8caad908264730b7dcc3666f413eb4d335e00bc99010e9978d344db57f64a60d
trial-00286,286,cold-room-calibration-reference-repair/repeat-0,cold-room-calibration-reference-repair,0,20260924,n_m_l,16,attempted,completed,finished,True,0.0162588,d5546e8d42257a50652447437c4c5142930019a800b8cbde26927bab8fa9d160;1cc6633884e3b47856a59ea8b7d112f768ef8c92fc9dfba9e5c0dfa323fe0d03;c446de40290e357729a3e7b09c49d609712db254c2b451067a46bafa15b6627a
trial-00287,287,cold-room-calibration-reference-repair/repeat-0,cold-room-calibration-reference-repair,0,20260924,rm_solo,17,attempted,completed,finished,False,0.0006949500000000001,814a7ec3dc5df273e34cce00f94776c80a9c1044611ab7055728b82f77455915
trial-00288,288,cold-room-calibration-reference-repair/repeat-0,cold-room-calibration-reference-repair,0,20260924,rm_tool_l_evidence,18,attempted,completed,finished,True,0.0420424,467ed643244a7dfc4734583cadaee00dce0536672c8128764bfbb7e753f2cc86;3002118e4925fb3cf56de2c2e66a65ed431205070de006467e5db6397e6ca052
trial-00289,289,cold-room-calibration-reference-repair/repeat-0,cold-room-calibration-reference-repair,0,20260924,n_l_tool_n,19,attempted,completed,finished,True,0.0279892,d5546e8d42257a50652447437c4c5142930019a800b8cbde26927bab8fa9d160;f566f0eacf897926c8544ded79a5f33cc94b8ca57f003675b23e99f2512169bd;73e0da802117b50a8d39069a09c90369dbff2b1f61ce26ed791d81e1a784d736
trial-00290,290,cold-room-calibration-reference-repair/repeat-0,cold-room-calibration-reference-repair,0,20260924,l_tool_n_none,20,attempted,completed,finished,True,0.038172399999999995,51662226f4718363a9f310af3e13e59c2316259aebea4a4c22871a054d197435;d5546e8d42257a50652447437c4c5142930019a800b8cbde26927bab8fa9d160
trial-00291,291,cold-room-calibration-reference-repair/repeat-0,cold-room-calibration-reference-repair,0,20260924,l_n_tool_l,21,attempted,completed,finished,True,0.0445477,fcdc74f979bc488c91b85b3e6cdc1873c49cdf1a4ded1c445b23b82c8eed2366;5d2febc3a67138bd7533c3f13b8758be96668f3fa4c99cffffa7de838eda3601;e3e9df6f7d84e49d916934bcbc8e28b09308c46f962ecef22f0469f5ed87a528
trial-00292,292,cold-room-calibration-reference-repair/repeat-0,cold-room-calibration-reference-repair,0,20260924,n_solo,22,attempted,completed,finished,True,0.0006944000000000001,d5546e8d42257a50652447437c4c5142930019a800b8cbde26927bab8fa9d160
trial-00293,293,cold-room-calibration-reference-repair/repeat-0,cold-room-calibration-reference-repair,0,20260924,rn_tool_r_evidence,23,attempted,completed,finished,True,0.01957426,8471cd7fd4563f7b17f97537ca779c10ff82b2bb6ddc44dd819aca4edd3ebcc7;cd56c96aadc9c9841f3ccc6b88ba40b13ba9d74f808c4fd9220b4336dad246f7
trial-00294,294,cold-room-calibration-reference-repair/repeat-0,cold-room-calibration-reference-repair,0,20260924,n_tool_solo,24,attempted,completed,finished,False,0.0034526,9064f9a617833d5afa9dcfe5b819723dad28121849d0c2b48ac03dea4d185ccd
trial-00295,295,cold-room-calibration-reference-repair/repeat-0,cold-room-calibration-reference-repair,0,20260924,l_tool_n_answer,25,attempted,completed,finished,True,0.0377386,51662226f4718363a9f310af3e13e59c2316259aebea4a4c22871a054d197435;89a8cca6acf5f0ca6d7608c455efcb2e8b4747b7ba375a106151753c547a1420
trial-00296,296,cold-room-calibration-reference-repair/repeat-0,cold-room-calibration-reference-repair,0,20260924,n_tool_r_evidence,26,attempted,completed,finished,True,0.02578585,9064f9a617833d5afa9dcfe5b819723dad28121849d0c2b48ac03dea4d185ccd;7d53d1c8029d4dfe313d4ccec739e35edc4cd1fd5d7a0b4361e34e56f03b51c0
